Artista,Albumes,
Elton John,"['Regimental Sgt. Zippo', 'Madman Across The Water (Deluxe Edition)', 'The Lockdown Sessions', 'The Lockdown Sessions', 'The Lockdown Sessions', 'The Lockdown Sessions', 'The Lockdown Sessions (Christmas Edition)', 'The Lockdown Sessions (Christmas Edition)', 'The Lockdown Sessions (Christmas Edition)', 'The Lockdown Sessions (Christmas Edition)', 'The Lockdown Sessions (Christmas Edition)', 'The Lockdown Sessions (Christmas Edition)', 'The Lockdown Sessions', 'The Lockdown Sessions', 'In The Summertime Elton John Recordings', 'Live at the Fillmore West 12th Nov 1970', 'The Classic Years of Elton John', 'The Classic Years of Elton John', 'Jewel Box', 'Jewel Box', 'Jewel Box', 'Jewel Box', 'Jewel Box', 'Jewel Box', 'Jewel Box', 'Jewel Box', 'Jewel Box', 'Live From Moscow (Live From Moscow / 1979)', 'Empty Sky', 'Ik (Onverkort)', 'Goodbye Yellow Brick Road (40th Anniversary Celebration / Super Deluxe)', 'Me - Elton John Official Autobiography (Unabridged)', 'Singing The Seventies', 'Rocketman (Music From The Motion Picture)', 'Rocketman (Music From The Motion Picture)', 'Rocketman (Music From The Motion Picture)', 'Elton John Covers Classic Hits', 'Diamonds (Deluxe)', 'XXDiamonds (Deluxe)', 'Diamonds (Deluxe)', 'Goodbye Yellow Brick Road (40th Anniversary Celebration / Super Deluxe)', 'Goodbye Yellow Brick Road (40th Anniversary Celebration / Super Deluxe)', 'Goodbye Yellow Brick Road (Remastered / Deluxe Edition)', 'The Road To El Dorado (Original Motion Picture Soundtrack)', 'Wonderful Crazy Night (Deluxe)', 'Wonderful Crazy Night', 'Wonderful Crazy Night (Deluxe)', 'Wonderful Crazy Night (Deluxe)', 'Wonderful Crazy Night', 'Wonderful Crazy Night (Deluxe)', 'Pretty Rainbow', 'Cheerful', 'Skyey Sounds Vol. 9', 'Goodbye Yellow Brick Road (40th Anniversary Celebration)', 'Goodbye Yellow Brick Road (40th Anniversary Celebration)', 'XXThe Diving Board (Deluxe Version)', 'The Diving Board', 'The Diving Board (Deluxe Version)', 'XXGood Morning To The Night', 'Good Morning To The Night', 'Good Morning To The Night', 'Good Morning To The Night (Deluxe Version)', 'XXGood Morning To The Night (Deluxe Version)', 'Good Morning To The Night (Deluxe Version)', 'Good Morning To The Night', 'The Piano Men - Live In Tokyo', 'The Union', 'The Union (Deluxe)', 'The Union', 'XXThe Union', 'The Union', 'The Union (Deluxe)', 'The Union (Deluxe)', 'The Piano Men Live In Tokyo', ""Elton John's Greatest Hits"", 'The Greatest Hits 1970-2002', 'The Greatest Hits 1970-2002', 'XXElton 60 - Live At Madison Square Garden', 'Elton 60 - Live At Madison Square Garden', 'Electricity', 'Rocket Man', 'Rocket Man', 'Rocket Man', 'Rocket Man', 'Rocket Man', 'Rocket Man', 'Rocket Man', 'Rocket Man', 'Rocket Man', 'Rocket Man', 'Rocket Man', 'Rocket Man', 'Rocket Man', 'Rocket Man', 'The Captain and The Kid', 'XXThe Captain and The Kid', 'The Captain and The Kid', 'The Captain and The Kid', 'The Captain and The Kid', 'Chartbusters Go Pop!! 16 Legendary Covers from 1969/70 as sung by Elton John', ""Elton John's Christmas Party"", 'XXPeachtree Road', 'Peachtree Road', 'Peachtree Road (Expanded Edition)', 'Peachtree Road', 'Peachtree Road', 'Peachtree Road', 'Peachtree Road', 'XXPeachtree Road', 'WDAS 105.3 FM: Classic Soul Hits, Vol. 8', 'A World of Love', 'The Greatest Hits 1970-2002', 'The Greatest Hits 1970-2002', 'The Greatest Hits 1970-2002', 'The Greatest Hits 1970-2002', 'Songs From The West Coast', 'XXSongs From The West Coast', 'Songs From The West Coast', 'Songs From The West Coast', 'XXSongs From The West Coast', 'Songs From The West Coast', 'Songs From The West Coast (Expanded Edition)', 'Songs From The West Coast (Expanded Edition)', 'Too Low For Zero', 'Too Low For Zero', 'Chartbusters Go Pop! 16 Legendary Covers from 1969/70 as Sung by Elton John', 'One Night Only', 'One Night Only', 'One Night Only', 'One Night Only', 'One Night Only', 'To Be Continued...', 'The Road To El Dorado', 'XXAida', 'Aida', 'The Road To El Dorado (Original Motion Picture Soundtrack)', 'Aida', 'XXAida', 'Live In Australia (Remastered 1998)', 'XXThe Big Picture', 'The Big Picture', 'XXThe Big Picture', 'XXThe Big Picture', 'Love Songs', 'Love Songs', 'XXLove Songs', 'Love Songs', 'Captain Fantastic And The Brown Dirt Cowboy', 'Captain Fantastic And the Brown Dirt Cowboy', 'Captain Fantastic - Deluxe Edition', 'Captain Fantastic - Deluxe Edition', 'XXCaptain Fantastic And The Brown Dirt Cowboy', 'XX11-17-70', 'XXCaptain Fantastic And The Brown Dirt Cowboy', '17-11-70', 'Captain Fantastic And The Brown Dirt Cowboy', 'Captain Fantastic And The Brown Dirt Cowboy', 'Made in England', 'Made in England [#2]', 'Made In England', 'Made In England', 'XXMade In England', 'XXMade In England', 'Duets', 'Duets', 'Duets', 'XXDuets', 'The One', 'XXThe One', 'XXThe One', 'Sleeping With The Past', 'XXSleeping With The Past', 'XXSleeping With The Past', 'XXReg Strikes Back', 'Reg Strikes Back', 'Leather Jackets', 'XXLeather Jackets', 'Leather Jackets', 'XXIce On Fire', 'Ice On Fire', 'Ice On Fire', 'Ice On Fire', 'Ice On Fire', 'Your Songs', 'Breaking Hearts', 'XXBreaking Hearts', 'XXBreaking Hearts', 'Breaking Hearts', 'Breaking Hearts', 'Breaking Hearts', 'Breaking Hearts', 'Too Low For Zero', 'XXToo Low For Zero', 'XXToo Low For Zero', 'Jump Up', 'Jump Up', 'Jump Up!', 'Jump Up!', 'XXJump Up!', 'XXJump Up!']",
Pavle Popov,"['Electronic Pieces', 'Electronic Pieces', 'Nocturnal', 'Live at Opservatorium', 'Live at Opservatorium']",
Phil Collins,"['Other Sides', 'Remixed Sides', 'Remixed Sides', 'A Hot Night in Paris (Live; 2019 Remaster)', 'Serious Hits...Live! (2019 Remaster)', 'Plays Well With Others', 'The Singles', 'The Singles', 'The Singles (Expanded)', 'The Singles', 'The Singles', 'The Singles', '...But Seriously (Deluxe Edition)', '...But Seriously (2016 Remaster)', 'The Essential Going Back (Remastered)', 'The Essential Going Back (Deluxe Edition)', 'The Essential Going Back (2016 Remaster)', 'The Essential Going Back (Deluxe Edition)', 'Testify (Deluxe Edition)', 'Testify (2016 Remaster)', 'No Jacket Required (Deluxe Edition)', 'Testify (Deluxe Edition)', 'Dance into the Light (Deluxe Edition)', 'Face Value (Deluxe Editon)', 'Both Sides (Deluxe Edition)', 'Both Sides (2015 Remaster)', 'Face Value (2016 Remaster)', '...But Seriously', 'Serious Hits... Live!', 'At Fukuoka Dome', 'Hello, I Must Be Going (2016 Remaster)', 'Face Value (2016 Remaster)', 'No Jacket Required (2016 Remaster)', 'Phil Collins at Fukuoka Dome', 'Going Back', 'Going Back (Deluxe)', 'Going Back (Deluxe)', 'XXBrother Bear', 'Hits', 'Tarzan Original Soundtrack (German Version)', 'Tarzan Original Soundtrack', 'Tarzan Original Soundtrack', 'Tarzan Original Soundtrack', 'Tarzan Original Soundtrack', 'Tarzan Original Soundtrack', 'Tarzan Original Soundtrack', 'Love Songs (A Compilation Old and New)', 'Love Songs', 'Frère des Ours (Bande Originale Française du Film)', 'Testify', 'Testify', 'A Hot Night In Paris', 'Tarzan', 'Tarzan', 'A Hot Night in Paris (Live; 2019 Remaster)', 'Tarzan (Bande Originale Française du Film)', '...Hits', 'Both Sides', 'Both Sides', 'Live - The Way We Walk, Volume One: The Shorts', 'Serious Hits ... LIVE !', 'Serious Hits...Live! (2019 Remaster)', 'But Seriously', 'But Seriously', 'No Jacket Required', 'No Jacket Required', 'Hello, I Must Be Going', 'Hello, I Must Be Going', 'Hello, I Must Be Going (2016 Remaster)', 'Hello, I Must Be Going! (Deluxe Edition)', 'Face Value', 'Face Value']",
Billy Joel,"['Live at Yankee Stadium', '50 Years of the Piano Man', 'Japanese Singles Collection -Greatest Hits-', 'Live Through the Years', 'Kohuept (Live)', 'A Matter of Trust - The Bridge to Russia: The Music (Live)', 'Greatest Hits Volume I & Volume II', 'A Matter of Trust - The Bridge to Russia: The Music (Live)', 'A Matter of Trust - The Bridge to Russia: The Music (Live)', 'Hometown Hero', 'Collected Additional Masters', 'Collected Additional Masters', 'Collected Additional Masters', 'Sparks Saloon, Huntington, New York, July 1981 (Hd Remastered Version)', 'Gusman Cultural Center, Miami, October 29th, 1976 (Remastered, Live On Broadcasting)', 'Nassau Coliseum Rehearsal, December 27th, 1989 (Remastered, Live On Broadcasting)', 'Sparks Saloon, Huntington, New York, July 1981 (Remastered, Live On Broadcasting)', 'The Stranger Tour, Nassau Coiliseum, Uniondale, New York, December 11th, 1977 (Remastered) [Live on Fm Broadcasting)', 'Live to Air', 'A Matter Of Trust: The Bridge To Russia', 'The Complete Albums Collection', 'All Time best - Reclam Musik Edition 13', '52nd Street (Alben für die Ewigkeit)', ""She's Got A Way: Love Songs"", ""She's Got A Way: Love Songs"", ""She's Got A Way: Love Songs"", 'The Hassles Featuring Billy Joel, Got to Begin Again', 'Original Album Classics', ""Billy Joel - The Hits - The Times They Are A-Changin'"", 'Billy Joel - The Hits Then and Now - Big Shot', 'Billy Joel - The Hits - The Early Years', 'Billy Joel - Live in Leningrad', 'Billy Joel - Live in the U.S.S.R.', 'The Piano Men - Live In Tokyo', 'Piano Man (Legacy Edition)', 'Further Than Heaven', 'Greatest Hits Volume I & Volume II', 'Live On Air', 'Live At Shea Stadium', ""Billy Joel : She's Always A Woman : The Love Songs"", 'The Hits', 'The Hits', 'The Harbor Sessions', 'My Lives', 'The Stranger (30th Anniversary Legacy Edition)', 'The Stranger (30th Anniversary Legacy Edition)', 'The Stranger (30th Anniversary Legacy Edition)', 'Billy Joel & The Hassles', '12 Gardens Live', '12 Gardens Live', '12 Gardens Live Sampler', 'My Lives', 'Piano Man: The Very Best of Billy Joel', 'Piano Man: The Very Best Of Billy Joel', 'Piano Man: The Very Best of Billy Joel', 'Piano Man - The Very Best of Billy Joel', 'Piano Man - The Very Best of Billy Joel', 'Piano Man - The Very Best of Billy Joel', 'Piano Man: The Very Best of Billy Joel', 'Cold Spring Harbor: The Harbor Sessions', 'Libertango', 'An Innocent Man/River Of Dreams', 'Greatest Hits Volume I & Volume II', ""Movin' Out (Original Broadway Cast Recording)"", 'Piano Man/52nd Street/Kohuept (Live)...', 'Piano Man/52nd Street/Kohuept (3 Pak)', 'GREATEST HITS VOLUME III', 'Longitude 2 Degree', 'The Essential Billy Joel', 'The Essential Billy Joel', 'The Essential Billy Joel', 'The Essential Billy Joel', 'Fantasies & Delusions', 'Fantasies & Delusions', 'Billy Joel Opus 1-10 Fantasies & Delusions Music for Solo Piano', 'Billy Joel - The Ultimate Collection', '2000 Years - The Millennium Concert', 'The Bridge/Storm Front...', 'Greatest Hits Volume I and II', 'Greatest Hits, Vol. 3', 'Greatest Hits Vol. III', 'Greatest Hits Vol. III', 'Greatest Hits Volume III', 'The Complete Hits Collection 1973-97', 'Greatest Hits Vol. III', 'River of Dreams', 'River Of Dreams', 'River Of Dreams', 'River Of Dreams', 'River Of Dreams', 'Storm Front', 'Storm Front', 'Storm Front', 'Storm Front', 'Kohuept', 'Kohuept', 'Kohuept', 'The Bridge', 'The Bridge', 'The Bridge', 'Greatest Hits Volumes I & II', 'An Innocent Man', 'An Innocent Man', 'An Innocent Man', 'An Innocent Man', 'An Innocent Man', 'An Innocent Man', 'The Nylon Curtain', 'The Nylon Curtain', 'The Nylon Curtain', 'The Nylon Curtain', 'The Nylon Curtain', 'Songs In The Attic', 'Songs In The Attic', 'Songs In the Attic', 'Glass Houses', 'Glass Houses', 'Glass Houses', 'Glass Houses', '52nd Street', '52nd Street', '52nd Street', '52nd Street', '52nd Street', 'The Stranger', 'The Stranger (Legacy Edition)', 'The Stranger', 'The Stranger', 'The Stranger', 'Turnstiles', 'Turnstiles', 'Turnstiles', 'Turnstiles', 'Turnstiles', 'Streetlife Serenade', 'Streetlife Serenade', 'Streetlife Serenade', 'Streetlife Serenade', 'Piano Man', 'Piano Man', 'Piano Man', 'Piano Man', 'Piano Man', 'Piano Man', 'Piano Man', 'Cold Spring Harbor', 'Cold Spring Harbor']",
Whitney Houston,"['One Wish (The Holiday Album) (Deluxe Version)', 'I Will Always Love You: The Best Of Whitney Houston', 'So Emotional (Remixes)', ""Whitney Dancin' Special"", ""Whitney Dancin' Special"", ""Whitney Dancin' Special"", ""Whitney Dancin' Special"", ""Whitney Dancin' Special"", ""Whitney Dancin' Special"", 'Whitney The Greatest Hits', 'Once in a Lifetime', 'I Wish You Love: More From The Bodyguard', 'I Wish You Love: More From The Bodyguard', 'I Wish You Love: More From The Bodyguard', 'Live in Japan - Remastered', 'The Ultimate Collection', 'Whitney Houston Live: Her Greatest Performances - Ultimate Edition', 'Whitney Houston Live: Her Greatest Performances', 'I Just Want to Be with You', 'Whitney (Alben für die Ewigkeit)', 'Cissy & Whitney Together', 'I Will Always Love You: The Best Of Whitney Houston', 'I Will Always Love You: The Best Of Whitney Houston', 'Together', 'My Love Is Your Love / I Look To You', 'All Time Best - Reclam Musik Edition 10', 'The Essential Whitney Houston', 'Concert for South Africa', 'The Collection', 'I Look To You', 'I Look To You', 'I Look To You', 'I Look To You', 'I Look To You', ""The Preacher's Wife"", 'The Bodyguard - Original Soundtrack Album', 'One Wish / The Holiday Album', 'The Greatest Hits', 'Double Best Of', 'Double Best Of', 'One Wish - The Holiday Album', 'One Wish - The Holiday Album', 'One Wish / The Holiday Album', 'One Wish / The Holiday Album', 'One Wish / The Holiday Album', 'Just Whitney', 'Just Whitney', 'Just Whitney', 'Love, Whitney', 'Love, Whitney', 'Love, Whitney', 'Inspirational Sax [Legacy]', 'Greatest Hits', 'When You Believe', 'When You Believe (From The Prince Of Egypt)', 'My Love Is Your Love', ""The Preacher's Wife"", 'The Bodyguard - Original Soundtrack Album', 'The Bodyguard', ""I'm Your Baby Tonight"", ""I'm Your Baby Tonight"", ""I'm Your Baby Tonight"", ""I'm Your Baby Tonight"", 'The Bodyguard - Original Soundtrack Album', 'Whitney', 'Whitney', 'Whitney', 'Whitney', 'Whitney', 'Whitney Houston', 'Whitney Houston (The Deluxe Anniversary Edition)', 'Whitney Houston', 'Whitney Houston']",
Lionel Richie,"['Renaissance (Deluxe Edition)', 'Symphonica In Rosso 2008', 'Time (Deluxe Version)', 'Just For You (Deluxe Edition)', 'Louder Than Words (Deluxe Edition)', 'La Legende Des Best Sellers', 'La Legende Des Best Sellers', 'La Legende Des Best Sellers', 'Hello From Las Vegas (Deluxe)', 'Hello From Las Vegas (Deluxe)', 'Hello From Las Vegas (Deluxe)', 'The Ultimate Collection', 'Back To Front (The One & Only)', 'Tuskegee', 'Tuskegee', 'Tuskegee', 'Tuskegee (Deluxe Version)', 'Tuskegee (GAS Version)', 'Tuskegee', 'Tuskegee (The Dutch Edition)', 'Tuskegee', 'XXTuskegee', 'Tuskegee', 'XXJust Go', 'Just Go', 'Just Go (Deluxe Edition)', 'The Collection', 'XXThe Collection', 'Symphonica In Rosso 2008', 'The Definitive Collection', 'XXLive', 'Live In Paris', 'Live In Paris', 'Live', 'Live', 'Coming Home', 'Coming Home', 'Coming Home', 'Coming Home', 'Coming Home', 'Coming Home', 'Coming Home', 'Coming Home', 'Coming Home', 'Coming Home', 'Coming Home', 'Coming Home (Deluxe Edition)', 'Soul Legends', 'XXSoul Legends', 'Louder Than Words', 'Louder Than Words', 'XXLouder Than Words', 'Louder Than Words', 'Louder Than Words', 'Louder Than Words', 'Time', 'XXTime', 'XXTime', 'Gold', 'Encore', 'XXEncore', 'Encore', 'Encore', 'Encore', 'Encore', 'XXEncore', 'Just For You', 'Just for You', 'XXJust For You', 'Just For You', 'Just For You', 'Just For You', 'Just For You', 'Just For You', 'Just For You', 'Just For You', 'Just For You', 'XXThe Definitive Collection', 'XXThe Best Of Lionel Richie 20th Century Masters The Millennium Collection', 'The Best Of Lionel Richie 20th Century Masters The Millennium Collection', 'The Definitive Collection', 'The Definitive Collection', 'XXThe Definitive Collection', 'The Definitive Collection', 'Renaissance', 'Renaissance', 'XXRenaissance', 'Renaissance', 'Renaissance', 'Renaissance', ""Can't Slow Down / Lionel Richie / Dancing On The Ceiling"", 'Truly: The Love Songs', 'Truly The Love Songs', 'Truly The Love Songs', 'XXTruly The Love Songs', 'XXLove Songs', 'Love Songs', 'Love Songs', 'Back To Front', 'Back to Front', 'Back To Front', 'Back To Front', 'XXBack To Front', 'Back To Front', 'Back To Front', 'Back To Front', 'Dancing On The Ceiling (Expanded Edition)', 'XXDancing On The Ceiling', 'XXDancing On The Ceiling', 'Dancing On The Ceiling (Expanded Edition)', 'XXDancing On The Ceiling', 'XXDancing On The Ceiling', 'Dancing On The Ceiling', 'Dancing On The Ceiling', 'Dancing On The Ceiling', ""Can't Slow Down (Deluxe Edition)"", ""XXCan't Slow Down"", ""XXCan't Slow Down"", ""XXCan't Slow Down"", ""XXCan't Slow Down"", ""XXCan't Slow Down"", ""Can't Slow Down"", ""XXCan't Slow Down"", ""Can't Slow Down"", ""Can't Slow Down"", ""Can't Slow Down"", 'XXLionel Richie', 'Lionel Richie', 'Lionel Richie', 'XXLionel Richie', 'Lionel Richie', 'Lionel Richie', 'Lionel Richie', 'Just Go']",
Rod Stewart,"[""An Old Raincoat Won't Ever Let You Down"", ""An Old Raincoat Won't Ever Let You Down"", ""An Old Raincoat Won't Ever Let You Down"", ""An Old Raincoat Won't Ever Let You Down"", ""An Old Raincoat Won't Ever Let You Down"", 'The Tears Of Hercules', 'The Tears Of Hercules', 'Rod Stewart: 1975-1978', 'Cupid', 'Cupid', ""You're In My Heart: Rod Stewart (with The Royal Philharmonic Orchestra)"", ""You're In My Heart: Rod Stewart (with The Royal Philharmonic Orchestra)"", 'The Studio Albums 1975 - 2001', 'The Studio Albums 1975 - 2001', 'Blood Red Roses (Deluxe Version)', 'Blood Red Roses', 'Blood Red Roses', 'Blood Red Roses', 'Decades', 'Handbags & Gladrags: The Essential Rod Stewart', 'The Early Years', 'Bright Lights, Big City', 'Live in London', 'The Ultimate Collection', 'Rod Stewart - The Original Recordings 1965-1968', 'Just a Little Misunderstood', 'The Seventies Collection', 'Storyteller - The Complete Anthology: 1964 - 1990', 'Storyteller - The Complete Anthology: 1964 - 1990', 'Another Country', 'Another Country (Deluxe)', 'Another Country (Deluxe)', 'Another Country (Deluxe)', 'Another Country (Deluxe)', 'Storyteller - The Complete Anthology: 1964-1990', 'Star Club', 'Lo Mejor De Rod Stewart', ""Live 1976 - 1998: Tonight's the Night"", 'Rarities', 'Time', 'Time', 'Time', 'Time', 'XXTime', 'Time (Deluxe)', 'Time', 'Time', 'Time', 'Time (Deluxe)', 'Time (Deluxe)', 'Time (Deluxe)', 'Time', 'Merry Christmas, Baby (Deluxe Edition)', 'XXMerry Christmas, Baby (Deluxe Edition)', 'XXMerry Christmas, Baby (Deluxe Edition)', 'Sensational Rod Stewart', 'XXMerry Christmas, Baby', 'XXMerry Christmas, Baby', 'Decades', 'Legendary Hits', 'Legendary Hits', 'Maggie May: The Essential Collection', 'Maggie May: The Essential Collection', 'Minds Eye', 'Minds Eye', 'Original Album Series', 'Original Album Series', 'Merry Christmas, Baby', 'Merry Christmas, Baby', 'Merry Christmas, Baby', 'The Original Face', 'Legend Of R&B Vocalist', 'You Wear It Well - The Collection', 'The Complete Great American Songbook', 'The Best Of... The Great American Songbook', 'The Best Of... The Great American Songbook (Deluxe Edition)', 'Fly Me To The Moon...The Great American Songbook Volume V (Deluxe Version)', 'Fly Me To The Moon...The Great American Songbook Volume V', 'The Day Will Come', 'The Day Will Come', 'Soulbook', 'The Rod Stewart Sessions 1971 - 1998 (Highlights)', 'The Rod Stewart Sessions 1971 - 1998 (Highlights)', 'The Rod Stewart Sessions 1971-1998', 'The Rod Stewart Sessions 1971-1998', 'The Definitive Collection - 1969-1978', 'The Definitive Collection - 1969-1978', 'A Night on the Town (Deluxe Edition)', 'Atlantic Crossing (Deluxe Edition)', 'A Night on the Town (Deluxe Edition)', 'Atlantic Crossing (Deluxe Edition)', 'Early Classics', 'Early Classics', 'When We Were the New Boys (Expanded Edition)', 'Rod Stewart / Every Beat of My Heart (Expanded Edition)', 'Camouflage (Expanded Edition)', 'Out of Order (Expanded Edition)', 'Foolish Behaviour (Expanded Edition)', 'Vagabond Heart (Expanded Edition)', 'A Spanner In The Works [Expanded Edition]', 'Absolutely Live [Expanded Edition]', ""Tonight I'm Yours (Expanded Edition)"", 'Human [Expanded Edition]', 'When We Were the New Boys (Expanded Edition)', ""Tonight I'm Yours (Expanded Edition)"", 'Rod Stewart / Every Beat of My Heart (Expanded Edition)', 'Vagabond Heart (Expanded Edition)', 'Camouflage (Expanded Edition)', 'Foolish Behaviour (Expanded Edition)', 'Body Wishes (Expanded Edition)', 'Body Wishes (Expanded Edition)', 'Classic', 'Classic', 'The Definitive Rod Stewart', 'Every Beat of My Heart', 'Every Beat of My Heart', 'Some Guys Have All the Luck', 'Some Guys Have All the Luck', 'Some Guys Have All the Luck', 'Some Guys Have All the Luck', 'The Early Rod Stewart', 'Playlist Plus', 'Playlist Plus', 'Playlist Plus', 'Playlist Plus', 'Thanks For The Memory...The Great American Songbook Volume IV', 'Maggie May & Other Stories: The Rod Stewart Collection', 'Maggie May & Other Stories: The Rod Stewart Collection', 'Foolish Behaviour', 'Foolish Behaviour', 'Foolish Behaviour', 'The Complete Great American Songbook', 'The Day Will Come', 'So Much To Say', 'Still The Same... Great Rock Classics Of Our Time', 'Still The Same... Great Rock Classics Of Our Time', 'Still The Same... Great Rock Classics Of Our Time', 'Still The Same... Great Rock Classics Of Our Time', 'Still The Same... Great Rock Classics Of Our Time', 'Still The Same...Great Rock Classics Of Our Time', 'Still The Same... Great Rock Classics Of Our Time', 'Colour Collection', 'Colour Collection', 'Angel: The Love Songs', 'Angel: The Love Songs', 'Angel: The Love Songs', 'Maggie May', 'Thanks For The Memory... The Great American Songbook Vol. IV', 'Thanks For The Memory... The Great American Songbook Vol. IV', 'Thanks For The Memory... The Great American Songbook Vol. IV', 'Thanks For the Memory... The Great American Songbook Volume IV', 'Thanks For The Memory... The Great American Songbook Vol. IV', 'The Early Years', 'Rhino Hi-Five: Rod Stewart', 'Gold', 'Gold', 'Gold', 'Gold', 'Chronicles', 'Chronicles', ""Ain't That Loving You Baby"", 'Stardust...The Great American Songbook III', 'Stardust...The Great American Songbook III', 'Stardust...The Great American Songbook III', 'Stardust...The Great American Songbook III', 'Stardust - The Great American Songbook Volume III', 'Stardust - The Great American Songbook Volume III', 'Blue Moon', 'Red Balloon', 'Red Balloon', 'As Time Goes By...The Great American Songbook: Volume II', 'As Time Goes By...The Great American Songbook: Volume II', 'As Time Goes By... The Great American Songbook: Volume II', 'As Time Goes By... The Great American Songbook: Volume II', 'As Time Goes By... The Great American Songbook: Volume II', 'As Time Goes By... The Great American Songbook: Volume II', 'As Time Goes By...The Great American Songbook Volume II', 'As Time Goes By...The Great American Songbook Volume II', 'As Time Goes By... The Great American Songbook: Volume II', 'Encore: The Very Best Of, Vol. 2', 'Encore: The Very Best Of Rod Stewart, Vol. 2', 'Downtown Train', 'Reason To Believe: The Complete Mercury Recordings', 'Reason To Believe: The Complete Mercury Recordings', 'Reason To Believe: The Complete Mercury Recordings', 'Reason To Believe: The Complete Mercury Recordings', 'It Had To be You... The Great American Songbook', 'It Had To Be You... The Great American Song Book', 'It Had To Be You... The Great American Song Book', 'It Had To be You... The Great American Songbook', 'It Had To be You... The Great American Songbook', 'It Had To be You... The Great American Songbook', 'Two in One  (1971 + 1972)', 'Two In One (1969 + 1970)', 'The Very Best Of Rod Stewart', 'The Very Best Of Rod Stewart', 'The Very Best Of Rod Stewart', 'The Very Best Of Rod Stewart', 'The Very Best Of Rod Stewart', 'The Very Best Of Rod Stewart']",
Eric Clapton,"['Eric Clapton: Live in Los Angeles (Live)', 'Nothing But the Blues (Live)', 'Virginia 1985 Set One - Live American Radio Broadcast', 'Virginia 1985 Set Two - Live American Radio Broadcast', 'Live & Direct', 'The Forum 1994 (live)', 'Eric Clapton & Friends (Eric Clapton)', 'Live Session in Japan - Live American Radio Broadcast', 'The Lady In The Balcony: Lockdown Sessions (Live)', 'The Lady In The Balcony: Lockdown Sessions (Live)', 'The Lady In The Balcony: Lockdown Sessions (Live)', 'Happy Xmas (Deluxe Edition)', 'Double Trouble Eric Clapton Recordings', 'Eric Clapton', 'Live in Virginia - Part Two (Live)', 'Live in Virginia - Part One (Live)', 'Live In Virginia 1985 Part One (Live)', 'Live In Virginia 1985 Part Two (Live)', ""Layla's Secret (Live)"", 'Steppin Out (Live)', 'The Love Triangle (Live)', ""Tangled In You're Web (Live)"", 'Going Down Slow (Live)', 'Hello Old Friend Vol. 2 (Live)', 'Motherless Child (Live)', 'Have You Ever Loved A Woman (Live)', 'Wonderful Life (Live)', 'Honest Truth (Live)', ""I'm Still Here (Live)"", 'Drinking My Pain Away (Live)', 'Leaving Chicago (Live)', 'Money Madness (Live)', 'One Night in Dallas 1976 (live)', 'FM Broadcast Eric Clapton & Bob Dylan', 'FM Broadcast Eric Clapton & Steve Miller Band', 'White Room (Live)', 'Eric Clapton FM Broadcast 1985 vol. 2', 'Eric Clapton FM Broadcast 1985 vol. 1', 'Live in Virginina 1985 Part 2 (Live)', 'Live in Virginina 1985 Part 1 (Live)', 'Change The World (Live)', 'Live In Japan (Live)', 'Japan We Are Here (Live)', 'Hoochie Coochie (Live)', 'Tears In Heaven (Live)', 'Tears In Heaven (Live)', 'Riding with the King (Deluxe Edition)', 'Riding with the King (Deluxe Edition)', 'Live at the LA Forum 1994 Part One (Live)', ""Live in Texas '76 Part Two (Live)"", 'Live in Japan 1988 (Live)', 'Live on Radio Japan 1988', 'Live on Radio Japan 1988 (Live)', 'Live at the LA Forum 1994 Part Two (Live)', 'Live on Radio Canada 1998', 'River Of Tears (Live)', 'Solid Rock (Live)', 'Groaning The Blues (Live)', 'Kidman Blues (live)', 'One Chance (Live)', 'Blues Power (Live)', 'One Night Vol. 2 (Live)', 'Crossroad Blues (Live)', 'Wonderful Tonight (Live)', ""I'm Still Standing (Live)"", ""I'm Tore Down (Live)"", 'Tearing Us Apart (Live)', 'Candle In The Wind (Live)', 'Malted Milk (live)', 'Blues Power (Live)', ""Ain't Nobody's Business (Live)"", ""Can't Find My Way Home (Live)"", ""Standin' Round Crying (live)"", 'My Father Eyes (Live)', 'Sunshine Of Your Love (Live)', 'River Of Tears (Live)', 'Cocaine (Live)', 'Solid Rock (Live)', 'Crosscut Saw (Live)', 'Driftin (Live)', 'After Midnight (Live)', 'Money For Nothing (Live)', 'Layla (Live)', 'County Jail (Live)', 'Third Degree (Live)', ""She's Gone (Live)"", 'Tell The Truth (Live)', 'Lay Down Sally (Live)', 'Sweet Home Chicago (Live)', 'Sweet Home Chicago (Live)', 'I Shot The Sheriff (Live)', 'Crosscut Saw (Live)', 'Third Degree (live)', 'Tell The Truth (Live)', 'After Midnight (Live)', 'Tell The Truth (Live)', 'I Shot The Sheriff (Live)', 'White Stuff (Live)', 'No Fight Left (Live)', 'The Truth (Live)', 'Sunrise (Live)', 'Not Enough (Live)', 'Chicago Madness (Live)', 'Cocaine The Membrane (Live)', 'Torn Apart (Live)', 'That White Powder (Live)', 'Life With Layla (Live)', 'Back To Chicago (Live)', 'Solid Love (Live)', 'Fourth Degree (Live)', 'Live in Tokyo 1988 (live)', 'Live In Tokyo (Live)', 'Crossroad Blues 1988 (Live)', 'Live In Japan 1988 (Live)', 'Eric Clapton & Friends', 'Big Boss Man', 'Stormy Monday Blues', 'The Sweet Music of Clapton, Whitlock, Gordon, Radle and Allman', 'Happy Xmas', 'Happy Xmas', 'Happy Xmas', 'Happy Xmas', 'Happy Xmas', 'Happy Xmas', 'Happy Xmas', 'Historic Classic Recordings', 'Dallas Convention Center, Dallas, November 15. 1976 (Hd Remastered Edition)', 'Five Long Years', 'The Dallas Cowboy (Live)', 'Five Long Years', 'Guitar Legend: The Very Best of the Early Years', 'Live in San Diego', 'Live in San Diego', 'Live in San Diego', 'Live in San Diego', 'Boom Boom', 'I Still Do', 'I Still Do', 'XXI Still Do', 'I Still Do', 'I Still Do', 'I Still Do', 'I Still Do', 'Eric Clapton - From There to Here', 'Guitar Legend - The Very Best of the Early Years', 'Convention Center Dallas, Tx. November 15th, 1976 (Doxy Collection, Remastered, Live on Fm Broadcasting)', 'Eric Clapton & Friends - The Album', 'Forever Man', 'Forever Man', 'Forever Man', 'Forever Man', 'Forever Man', 'Eric Clapton', 'Early Recordings', 'Eric Clapton & Friends', 'Early Recordings', 'Eric Clapton & Friends', 'For Your Love', ""Eric's Blues"", 'Eric Clapton in Session', 'Eric Clapton & Friends: The Breeze - An Appreciation Of JJ Cale', 'Eric Clapton & Friends: The Breeze (An Appreciation of JJ Cale)', 'Rapier Interviews: Eric Clapton', 'Rapier Interviews: Eric Clapton', 'Derek & The Dominos In Concert (Live)', 'XXDerek & The Dominos In Concert (Live)', 'Eric Clapton & Friends - The Breeze (An Appreciation of JJ Cale)', 'Eric Clapton & Friends: The Breeze - An Appreciation Of JJ Cale', 'Eric Clapton & Friends - The Breeze (An Appreciation Of JJ Cale)', 'Eric Clapton & Friends: The Breeze - An Appreciation Of JJ Cale', ""XXGive Me Strength: The '74/'75 Recordings"", 'XXGive Me Strength: The ‘74/’75 Studio Recordings', 'Give Me Strength: The ‘74/’75 Studio Recordings', ""Give Me Strength: The '74/'75 Recordings"", 'Crossroads Guitar Festival 2013', 'Old Sock', 'XXOld Sock', 'Old Sock', 'Old Sock', 'Old Sock', 'Play The Blues Live From Jazz At Lincoln Center', 'Smile', 'Five Long Years', 'Eric Clapton - Live at Budokan', 'Eric Clapton (Golden Collection)', 'Clapton', 'Clapton', 'Clapton', 'The Interview', '461 Ocean Blvd.', '461 Ocean Blvd.', 'The Cream Of Clapton', ""I've Got A Rock 'N' Roll Heart"", 'Live At Budokan', 'Live At Budokan', 'Live from Madison Square Garden', 'Complete Clapton', 'Complete Clapton', 'XXComplete Clapton', 'Complete Clapton']",
Neil Diamond,"['A Neil Diamond Christmas', 'The Later Hits of Neil Diamond', 'The Later Hits of Neil Diamond', 'Acoustic Christmas', 'The Christmas Album, Vol. II', 'A Cherry Cherry Christmas', 'The Classic Christmas Album', ""Cracklin' Rosie (Live)"", 'Song Sung Blue (Live)', 'The Last Picasso (Live)', 'Live in the US (Live)', 'Cherry Cherry (Live)', 'Beautiful Noise (Live)', 'Hot August Nights (Live)', 'Skybird (Live)', ""I'm a Believer (Live)"", 'Sweet Caroline (Live)', 'And The Singer Sings His Song', 'And the Singer Sings His Song', 'Classic Diamonds With The London Symphony Orchestra', 'Classic Diamonds With The London Symphony Orchestra', 'Sweet Caroline', 'The Rock Years of Neil Diamond 1966-1968', 'A Collection of Neil Diamond', 'A Collection of Neil Diamond', 'The Rock Years of Neil Diamond 1966-1968', 'Live in Australia 1975 (live)', 'Live In America', 'Live In Australia - Part One (Live)', 'The Neil Diamond Experience', 'Live In Australia - Part Two (Live)', 'Live in Australia - Part One (Live)', 'Live in Australia - Part Two (Live)', 'All-Time Greatest Hits', 'Neil Diamond - The Band Years 1966 - 1968', ""50th Anniversary Collector's Edition"", ""50th Anniversary Collector's Edition"", ""50th Anniversary Collector's Edition"", ""50th Anniversary Collector's Edition"", 'The Origins', 'The Origins', 'Hot August Night III', 'Hot August Night III', 'Hot August Night III', '20th Century Masters: The Millennium Collection: Best of Neil Diamond', 'Sweet Caroline', 'Neil Diamond (Live in LA)', 'Live Broadcast 9th March 1976 Sports Ground Sydney', 'Legendary FM Broadcasts - Sports Ground, Sydney, Australia 9th March 1976', 'Acoustic Neil Diamond', 'XX50th Anniversary Collection', '50th Anniversary Collection', '50th Anniversary Collection', '50th Anniversary Collection', 'A Cherry Cherry Christmas', 'The Christmas Album, Vol. II', 'The Classic Christmas Album', 'A Cherry Cherry Christmas', 'The Christmas Album, Vol. II', 'The Classic Christmas Album', 'Home Before Dark', 'Sweet Caroline', 'Sweet Caroline', 'Acoustic Christmas', 'Acoustic Christmas', 'Acoustic Christmas', 'XXHome Before Dark', ""Brother Love's Travelling Salvation Show"", ""XXBrother Love's Travelling Salvation Show"", ""Brother Love's Travelling Salvation Show"", ""Brother Love's Travelling Salvation Show"", ""Live In Australia '76 (Sydney, Australia. March 9Th 1976) (Remastered)"", 'XXA Cherry Cherry Christmas', 'XXThe Classic Christmas Album', 'XXThe Christmas Album: Volume II', 'The Christmas Album: Volume II', 'A Cherry Cherry Christmas', 'The Classic Christmas Album', 'A Cherry Cherry Christmas', 'The Christmas Album: Volume II', 'Gold', 'Gold (Live At The Troubadour)', 'The Christmas Album: Volume II', 'A Cherry Cherry Christmas', 'The Classic Christmas Album', 'All-Time Greatest Hits (Deluxe)', 'All-Time Greatest Hits (Deluxe)', 'All-Time Greatest Hits', 'Melody Road', 'XXMelody Road', 'Melody Road', 'Melody Road', 'Melody Road (Deluxe)', 'All-Time Greatest Hits', 'All-Time Greatest Hits', 'All-Time Greatest Hits', 'All-Time Greatest Hits', 'All-Time Greatest Hits', 'All-Time Greatest Hits', 'In My Lifetime', '20th Century Masters: The Millennium Collection: Best Of Neil Diamond', 'Heartlight', 'The Classic Christmas Album', 'Classics: The Early Years', 'Headed For The Future', 'Sweet Caroline', 'Neil Diamond Colección de Oro', ""Neil Diamond's Christmas Classics (Live at The CBS Studios, NYC 1992)"", 'The Classic Christmas Album', 'Alle 40 Goed - Neil Diamond', 'The Very Best of Neil Diamond', 'Hot August Night (Recorded Live In Concert / Deluxe Edition)', 'The Bang Years 1966-1968 (23 Original Mono Recordings)', 'The Bang Years 1966-1968 (23 Original Mono Recordings)', 'The Bang Years 1966-1968 (23 Original Mono Recordings)', 'The Bang Years 1966-1968', 'The Bang Years 1966-1968 (The 23 Original Mono Recordings)', 'XXThe Bang Years 1966-1968', 'Dreams', 'Dreams', 'Dreams', 'XXDreams', 'Dreams', 'Dreams', 'Dreams', 'Neil Diamond (Golden collection)', 'Hot August Night NYC', 'Hot August Night NYC', 'Hot August Night / NYC (Live From Madison Square Garden)', 'XXHot August Night / NYC (Live From Madison Square Garden)', 'A Cherry Cherry Christmas', 'Hot August Night / NYC (Live From Madison Square Garden)', 'The Best Of Neil Diamond', 'The Best Of Neil Diamond', 'The Best Of Neil Diamond', 'The Best Of Neil Diamond', 'The Best Of Neil Diamond', 'Home Before Dark', 'Home Before Dark', 'Home Before Dark', 'Home Before Dark', 'Home Before Dark', 'Home Before Dark', 'Home Before Dark', 'The Ultimate Collection', 'The Ultimate Collection', 'The Best Of (1)', 'Hot August Nights II', '12 Songs (Expanded)', '12 Songs', '12 Songs', '12 Songs', '12 Songs', '12 Songs', '12 Songs', '12 Songs', '12 Songs', '12 Songs', '12 Songs', 'Classic Neil Diamond - The Universal Masters Collection', 'Reflections', 'Stages: Performances 1970-2002', 'XXStages: Performances 1970-2002', 'Stages (Performances 1970 - 2002) (Live)', 'Play Me: The Complete Uni Studio Recordings...Plus', 'Play Me: The Complete Uni Studio Recordings...Plus!', 'Play Me: The Complete Uni Studio Recordings...Plus!', 'Play Me: The Complete Uni Studio Recordings...Plus!', 'Forever in Bluegrass: Tribute to Neil Diamond', 'The Essential Neil Diamond', 'The Essential', 'Three Chord Opera', 'Three Chord Opera', 'Three Chord Opera', 'Three Chord Opera', 'Three Chord Opera', 'XXThree Chord Opera', 'Three Chord Opera', 'Three Chord Opera', 'Three Chord Opera', 'The Favourites', 'The Best Of (1)', 'Unassigned - The Early Years/The Jazz Singer/Beautiful Noise (3 Pak) (Costco Longbox Version)', 'Classic Neil Diamond - The Universal Masters Collection', 'Classic Neil Diamond - The Universal Masters Collection', 'The Neil Diamond Collection', 'The Best Of The Movie Album', 'The Best Of The Movie Album', '20th Century Masters: The Millennium Collection', 'As Time Goes By: The Movie Album', 'The Movie Album  As Time Goes By', 'The Movie Album: As Time Goes By', 'XXThe Movie Album: As Time Goes By', 'The Movie Album  As Time Goes By', 'The Movie Album: As Time Goes By', 'The Movie Album: As Time Goes By', 'The Movie Album: As Time Goes By', 'In My Lifetime', 'In My Lifetime', 'In My Lifetime']",
Don Henley,"['On Stage (Live)', 'Inside Job (Live)', 'Foxboro Stadium, Mass. September 6th, 1993 (Hd Remastered Version)', 'Universal Ampitheater, Universal City, Sept. 3, 1985', 'The Summit, Houston, Tx. September 15th, 1989 (Remastered, Live On Broadcasting)', 'Universal City Ampitheater, Ca. September 3rd, 1985 (Remastered, Live On Broadcasting)', 'Foxboro Stadium, Mass. September 6th, 1993 (Remastered, Live On Broadcasting)', 'Live In The Fast Lane - Remastered. (The Summit, Houston TX Sep 15th 1989)', 'Universal Ampitheater, Universal City, Ca. Sept. 3rd, 1985 (Doxy Collection, Remastered, Live on Fm Broadcasting)', 'The Concert for Walden Woods, Foxboro, USA, 1993 - FM Radio Broadcast', 'XXCass County', 'Cass County', 'Cass County (Deluxe)', 'XXCass County (Deluxe)', 'Cass County (Deluxe)', 'Cass County (Deluxe)', ""Live At Universal Amphitheater, Universal City, California, 4Th Sep '85 (Remastered)"", 'The End Of The Innocence', ""Don't Look Back (Live)"", 'End of Innocence (Live)', 'XXThe Very Best Of', 'The Very Best Of', 'XXThe Very Best Of', 'Inside Job', 'XXInside Job', 'Inside Job', 'Inside Job', 'Inside Job', ""Actual Miles: Henley's Greatest Hits"", ""Actual Miles: Henley's Greatest Hits"", ""Actual Miles: Henley's Greatest Hits"", ""XXActual Miles: Henley's Greatest Hits"", ""Actual Miles - Henley's Greatest Hits"", 'The End Of The Innocence', 'XXThe End Of The Innocence', 'The End of the Innocence', 'The End of the Innocence', 'The End Of The Innocence', 'The End Of The Innocence', 'Building The Perfect Beast', 'XXBuilding The Perfect Beast', 'XXBuilding The Perfect Beast', 'Building The Perfect Beast', 'Building The Perfect Beast', ""I Can't Stand Still"", ""XXI Can't Stand Still"", ""I Can't Stand Still"", ""I Can't Stand Still"", ""I Can't Stand Still""]",
Bryan Adams,"['Classic Pt. II', 'So Happy It Hurts', 'Live Tonight', 'Classic', 'Pretty Woman - The Musical', 'Remember - Live American Radio Broadcast', 'Take Me Back Bryan Adams Recordings', 'Lonely Nights (Live)', ""I'm Ready To Play (Live)"", 'Run To You (Live)', 'FM Broadcast Bryan Adams & Bon Jovi', 'Bryan Adams FM Broadcast February 1985', 'Kids Wanna Rock (Live)', 'Owning LA (Live)', 'Live in Los Angeles 1985 (Live)', 'Bryan Adams - Live At The Palladium, L.A. 1985 (Live)', 'Heaven (Live)', 'Sixty Ninth Summer (Live)', 'The Sinful Summer (Live)', 'Live At The Palladium 1985 (Live)', 'Straight From The Heart Straight From The Heart (Live)', ""Summer of '69 (Live)"", ""Summer Of '69 (Live)"", 'Shine A Light', 'Shine A Light', 'Shine A Light', 'Breaking Away', 'The Palladium, Los Angeles, 1985 (Hd Remastered Edition)', 'Agora Ballroom, Cleveland, January 6th, 1982 (Hd Remastered Edition)', 'Live Broadcast 1st February 1985 Hollywood Palladium', 'XXUltimate', 'Live On Stage FM Broadcasts - Tokyo Dome 31st December 1989', 'Legendary FM Broadcasts - Tokyo Dome, Bunkyo, Tokyo Japan 31st December 1989', 'Wembley 1996 Live', 'XXWembley 1996 Live', 'Interview 19 5 96', 'Live at the Palladium, L.A. 1985 (Live)', 'Get Up (Deluxe)', 'Get Up (Deluxe)', 'Palladium, Los Angeles, February 1st, 1985 (Doxy Collection, Remastered, Live on Fm Broadcasting)', 'Agora Ballroom, Cleveland, January 6th, 1982 (Doxy Collection, Remastered, Live on Fm Broadcasting)', 'Get Up', 'XXGet Up', 'Get Up', 'Get Up', 'Get Up', 'Tracks Of My Years', 'Tracks Of My Years (Deluxe)', 'Tracks Of My Years', 'XXTracks Of My Years (Deluxe)', 'Tracks Of My Years', '5 Classic Albums', 'Tracks Of My Years (Deluxe)', 'Tracks Of My Years', 'Tracks of My Years (Deluxe)', 'Tracks Of My Years', 'Tracks Of My Years', 'Tracks Of My Years (Deluxe)', 'Live At The Budokan', 'Tracks Of My Years', 'Tracks Of My Years', 'XXLive At Sydney Opera House', 'Live At Sydney Opera House', 'Live At The Sydney Opera House', 'Bryan Adams: Live at Sydney Opera House', 'Troubled Times', 'Bare Bones', 'XXBare Bones', 'Bare Bones', 'Bare Bones', 'Bare Bones', '11 (E-Album)', '11 Repack', '11', '11', '11', '11', '11', 'XX11', '11', '11', '11', '11', '11', '11', 'Anthology', 'Anthology', 'The Best Of Me/ Live At The Budokan (Deluxe Sound & Vision)', 'Anthology', 'XXAnthology', 'XXAnthology', 'XXAnthology', 'Anthology', 'Anthology', 'Anthology', 'Anthology', 'Anthology', 'Anthology', 'Chronicles', 'Room Service', 'Room Service', 'Room Service', 'Room Service', 'Room Service', 'Room Service', 'Room Service', 'Room Service', 'Spirit:  Stallion Of The Cimarron', 'XXSpirit: Stallion Of The Cimarron (Music From The Original Motion Picture)', 'XXSpirit: Stallion Of The Cimarron (Music From The Original Motion Picture)', 'Spirit: Stallion Of The Cimarron (Music From The Original Motion Picture)', ""Spirit, l'étalon des plaines (Bande originale du film)"", 'Spirit: Stallion Of The Cimarron (Music From The Original Motion Picture)', 'The Best Of Me', 'The Best Of Me', 'The Best Of Me', 'XXThe Best Of Me', 'The Best Of Me', 'The Best Of Me', 'On A Day Like Today', 'XXOn A Day Like Today', 'On A Day Like Today', 'On A Day Like Today', 'On A Day Like Today', 'MTV Unplugged', 'XXMTV Unplugged', 'XXMTV Unplugged', 'MTV Unplugged', 'MTV Unplugged', '非常dj扣應站 01 (Very Dj Call In Station)', '18 Til I Die', 'XX18 Til I Die', '18 Til I Die', 'So Far So Good', 'So Far So Good', 'So Far So Good', 'Waking Up The Neighbours', 'Waking Up The Neighbours', 'XXWaking Up The Neighbours', 'Waking Up The Neighbours', 'XXWaking Up The Neighbours', 'Live! Live! Live!', 'XXLive! Live! Live!', 'XXLive! Live! Live!', 'XXLive! Live! Live!', 'Into The Fire', 'Into The Fire', 'XXInto The Fire', 'XXInto The Fire', 'Reckless (2014 Remaster)', 'Reckless (Expanded Edition)', 'Reckless (2014 Remaster)', 'Reckless', 'Reckless', 'XXReckless', 'Reckless', 'XXReckless', 'XXReckless (30th Anniversary / Deluxe Edition)', 'XXReckless (2014 Remaster)', 'Reckless (30th Anniversary / Deluxe Edition)', 'Reckless', 'Cuts Like A Knife', 'Cuts Like A Knife', 'XXCuts Like A Knife', 'XXCuts Like A Knife', 'XXCuts Like A Knife', 'You Want It You Got It', 'XXYou Want It You Got It', 'You Want It You Got It', 'You Want It You Got It', 'Bryan Adams', 'Bryan Adams', 'XXBryan Adams']",
Paul Simon,"['Zimbabwe 1987 Part One - Live American Radio Broadcast', 'Zimbabwe 1987 Part Two - Live American Radio Broadcast', 'The Night', 'The One Trick Showman', 'Two Young Hearts Afire with the Same Desire', 'Paul Simon - Showtime US FM Broadcast Rufaro Stadium Harare Zimbabwe 14th February 1987 Part One.', 'Paul Simon - Showtime US FM Broadcast Rufaro Stadium Harare Zimbabwe 14th February 1987 Part Two.', 'Live on Paramount Radio 1993 Part Two (Live)', 'Live in Zimbabwe 1987 Part Two (Live)', 'Live in Zimbabwe 1987 Part One (Live)', 'Redemption Road', 'Live in Philadelphia 1980 (Live)', ""Paul Simon - Live 'N' Late in the Evening"", ""Paul Simon Live N' Late In The Evening"", ""Rhymin' In NYC"", ""Live 'N' Late In The Evening 1980 (Live)"", 'Still Crazy After All These Years (Live)', 'Still Crazy After All These Years (Live)', 'The Bodyguard (Live)', 'Still Crazy (Live)', 'Ace In The Hole (Live)', 'Late in the Evening (Live)', 'Late in the Evening (Live)', 'Late In The Evening (Live)', 'Late In The Evening (Live)', 'Live On Stage FM Broadcasts - Tokyo Dome, Japan 13th October 1991', 'In the Blue Light', 'In the Blue Light', 'In the Blue Light', 'Graceland - The Remixes', 'Graceland - The Remixes', 'Graceland - The Remixes', 'The Complete MTV Unplugged Show, Kaufman Astoria Studios, New York, March 4th, 1992 (Hd Remastered Edition)', 'Tokyo Dome, Japan, October 12th, 1991', 'Live at Queens College 1964', 'The Concert in Hyde Park', 'The Concert in Hyde Park', 'The Concert in Hyde Park', 'The Concert in Hyde Park', 'Legendary FM Broadcasts - Kaufman Astoria Theatre, Queens NY 4th March 1992', 'Legendary FM Broadcasts - Tokyo Dome, Tokyo Japan 13th October 1991', 'Complete Unplugged (Live)', 'Kodachrome at the Tokyo Dome (Live)', 'Showtime (Remastered, Live On Broadcasting)', 'Tokyo Dome, Japan, October 12th, 1991 (Remastered, Live On Broadcasting)', 'The Complete MTV Unplugged Show, Kaufman Astoria Studios, New York, March 4th, 1992 (Remastered, Live On Broadcasting)', 'Stranger To Stranger (Deluxe Edition)', 'Stranger To Stranger', 'XXStranger To Stranger', 'Stranger To Stranger', 'Stranger To Stranger (Deluxe Edition)', 'Stranger To Stranger', 'Stranger To Stranger (Deluxe Edition)', 'Stranger To Stranger', 'Stranger To Stranger (Deluxe Edition)', 'Paul Simon - Early Rocking', 'The Paul Simon Songbook', 'Paul Simon Songbook - Paul Simon', 'Paul Simon - The Ultimate Collection', 'Paul Simon - The Ultimate Collection', 'Paul Simon A.K.A. Jerry Landis, Vol. 2', 'Paul Simon A.K.A. Jerry Landis, Vol. 1', 'Paul Simon A.K.A. Jerry Landis, Vol. 1', 'Paul Simon A.K.A. Jerry Landis, Vol. 2', 'Over the Bridge of Time: A Paul Simon Retrospective (1964-2011)', 'Over the Bridge of Time: A Paul Simon Retrospective (1964-2011)', 'Over the Bridge of Time: A Paul Simon Retrospective (1964-2011)', 'Graceland (Alben für die Ewigkeit)', 'Early Rocking', 'Live In New York City', 'Live In New York City', 'Live In New York City', 'Live In New York City', 'Original Album Classics', 'The Essential', 'Graceland (25th Anniversary Deluxe Edition)', 'Graceland 25th Anniversary Edition', 'Graceland (25th Anniversary Deluxe Edition)', 'The Wobble (Paul Simon a.k.a. Jerry Landis)', 'Songwriter', 'So Beautiful or So What', 'So Beautiful Or So What', 'So Beautiful Or So What', 'So Beautiful Or So What', 'So Beautiful Or So What', 'So Beautiful Or So What', 'So Beautiful or So What', 'So Beautiful or So What', 'So Beautiful or So What', 'The Early Years', 'Two Teenagers', 'The Essential Paul Simon', 'The Paul Simon Collection: On My Way...', 'Surprise', 'Surprise', 'Surprise', 'The Essential Paul Simon', 'The Essential Paul Simon', 'Songs From The Capeman', 'Still Crazy After All These Years', 'Still Crazy After All These Years', 'Songs From The Capeman', 'Negotiations And Love Songs 1971-1986', '1964-1993', ""In Concert: Live Rhymin'"", ""Paul Simon In Concert: Live Rhymin'"", ""Paul Simon In Concert: Live Rhymin'"", ""Paul Simon In Concert: Live Rhymin'"", ""Paul Simon In Concert: Live Rhymin'"", ""Paul Simon In Concert: Live Rhymin'"", 'Recorded as Jerry Landis', 'Recorded as Jerry Landis', 'The Studio Recordings: 1972 - 2000', 'Selections From \'The Studio Recordings""', 'The Paul Simon Songbook', 'The Paul Simon Songbook', 'The Paul Simon Songbook', 'The Paul Simon Songbook', ""There Goes Rhymin' Simon"", ""There Goes Rhymin' Simon"", 'Paul Simon', 'Still Crazy After All These Years', 'Still Crazy After All These Years', 'Negotiations & Love Songs 1971-86', 'Paul Simon', 'Still Crazy After All These Years', ""There Goes Rhymin' Simon"", ""There Goes Rhymin' Simon"", 'Paul Simon', ""There Goes Rhymin' Simon"", 'Paul Simon', 'The Rhythm Of The Saints', 'The Rhythm Of The Saints', 'The Rhythm Of The Saints', 'The Rhythm Of The Saints', ""You're the One"", ""You're The One"", ""You're The One"", ""You're The One"", ""You're The One"", ""You're The One"", 'Songs From The Capeman', '1964/1993', ""Paul Simon's Concert In The Park"", ""Paul Simon's Concert In The Park August 15, 1991"", 'One-Trick Pony', 'One-Trick Pony', 'One-Trick Pony', 'Graceland (25th Anniversary Deluxe Edition)', 'Graceland', 'Graceland', 'Hearts And Bones', 'Hearts And Bones', 'Hearts And Bones', 'Hearts And Bones', 'Greatest Hits, Etc.']",
Linda Ronstadt,"['Linda Ronstadt Transmission Impossible vol. 3', 'Linda Ronstadt & Emmylou Harris Live On KSWM vol. 1', 'Linda Ronstadt & Emmylou Harris Live On KSWM vol. 2', 'Linda Ronstadt Transmission Impossible vol. 2', 'Linda Ronstadt Transmission Impossible vol. 1', ""This Heart Of Mine (Live, Los Angeles '76)"", ""I Can't Let Go Linda Ronstadt Recordings"", 'Golden Needles (Live)', 'Silver Threads (Live)', 'Cost Of Love (Live)', 'Hiding In Shadows', 'Live Broadcast (Live)', 'Like A Rose', 'Long Time At The Plant', 'Live Radio Broadcast (Live)', 'Desperate woman (Live)', 'Love Has No Boundries (Live)', 'When Will I Be Loved (Live)', 'Desperado (Live)', ""Doesn't Matter Anymore (Live)"", 'Falling In Love Again (Live)', 'Falling In Love Again (Live)', ""Doesn't Matter Anymore (Live)"", 'Looking Out For Love (Live)', 'No Good (Live)', 'Chaos In Colorado (Live)', 'The Silver Linning (Live)', 'Sisters of Mercy (Live)', 'Love Is Blind', 'Faithless Love (Live)', 'Party Girl (Live)', 'Heart Like A Wheel (Live)', 'When Will I Be Loved (Live)', 'Faithless Love (Live)', ""I've Got A Guy In Kalamazo (Live)"", 'Heart Like A Wheel (Live)', 'New York Vibes (Live)', 'Back In The USA (Live)', ""It Doesn't Matter Anymore (Live)"", 'Daddy (Live)', 'Live From The Greek Theatre (Live)', 'Still In Love With You (Live)', 'Goodbye Lover (Live)', ""It Doesn't Matter Anymore (Live)"", 'Pretty Girl (Live)', 'The Desperate Dozen (Live)', 'Sealed With a Kiss (Live)', 'Caught In a Heatwave (Live)', 'Falling Out Of Love (Live)', 'New York Waves (Live)', 'TV Waves (Live)', 'Blue Bayou (Live)', 'The New York Sessions (Live)', 'Hurts So Bad (Live)', 'The Greek Theatre Sessions (Live)', 'Mr Sandman (Live)', 'Colorado (Live)', 'Goodbye (Live)', 'Lies (Live)', ""Willin' (Live)"", 'Faithless Love (Live)', 'Party Girl (Live)', 'The Blue Train (Live)', 'Goin Back To Harlan (Live)', 'Faithless Love (Live)', ""You're No Good (Live)"", 'Long Long Time (Live)', ""That'll Be The Day (Live)"", 'Desperado (Live)', 'Mr Sandman (Live)', 'Back In The USA Vol. 2 (Live)', 'Back In The USA Vol. 1 (Live)', 'Mr Sandman (Live)', 'Desperado (Live)', 'Long, Long Time (Live)', ""You're No Good (Live)"", ""That'll Be The Day (Live)"", 'Desperado (Live)', ""You're No Good (Live)"", ""What's New (Live)"", 'Green Pastures (Live)', 'Pancho & Lefty', 'Poor Poor Pitiful Me (Live)', 'Love Has No Pride (Live)', 'Pink Roses (Live)', 'Ice Blue (Live)', 'Estranged Sisters', 'Nothing Matters Anymore (Live)', 'FM Broadcasts Linda Ronstadt & Emmylou Harris', 'Love Has No Pride (Live)', 'Love Has No Pride (Live)', 'Love Has No Pride (Live)', 'Love Has No Pride (Live)', 'FM Broadcasts Linda Ronstadt & Jackson Browne', 'Top Hits From Linda Ronstadt (Live)', 'Long, Long Time Ago (Live)', 'Blue Bayou Concert Broadcast (Live)', 'Lone Star', 'Heart Like A Wheel (Live)', 'Still In Love (Live)', ""You're No Good (Live)"", 'Goodbye 1984 (Live)', 'Mad Love (Live)', 'San Francisco Broadcast (Live)', ""Live in Los Angeles '80 (Live)"", ""Live on Berkeley Radio '75 (Live)"", ""My Fathers Place Live in Roslyn '74 (Live)"", ""Live in Roslyn '73 (Live)"", ""Live on Arlington TV '84 (Live)"", 'In Concert (Live)', 'Live in New York (Live)', 'Live in California (Live)', 'Live in 1974 (Live)', 'Live Broadcasts (Live)', 'Greek Theatre TV Show (Live)', ""Radio Broadcast - KPFA '74 (Live)"", 'Roslyn New York 73 (Live)', 'Arlington TV Session 1984 (Live)', ""Berkeley '75 (Live)"", ""Live In New York '73 (Live)"", 'Live Broadcast 1974 (Live)', 'TV Broadcast 1984 (Live)', 'Live 1975 (Live)', 'Live At The Greek 1980 - Part Two (Live)', 'Live In NY 1974 (Live)', 'Live At The Greek 1980 - Part One (Live)', 'Live in NY 1974 (Live)', 'Live in NY 1974 (Live)', 'Falling In Love Again (Live)', 'I Fall To Pieces (Live)', 'I Fall To Pieces (Live)', 'I Fall To Pieces (Live)', 'Silver Threads And Golden Needles (Live)', 'Heatwave (Live)', 'Colorado (Live)', 'Look Out For My Love (Live)', 'Silver Threads and Golden Needles (Live)', 'Heatwave (Live)', 'Heat Wave (Live)', 'Hand Sown... Home Grown', 'Radio Broadcasts 1974-84 Part One (Live)', 'Live on KSWM - 1999 Broadcast Part One (Live)', 'Radio Broadcasts 1974-84 Part Three (Live)', 'Live on KSWM - 1999 Broadcast Part Two (Live)', 'Radio Broadcasts 1974-84 Part Two (Live)', 'Live in Los Angeles 1980 (Live)', 'Linda Ronstadt - Transmission Impossible', 'Long, Long Time (Live)', 'Live At Universal Amphitheatre, Los Angeles, Nov 3, 1976, WBCN-FM Broadcast (Remastered)', 'The Complete Works of Linda Ronstadt (Live)', 'Lush Live', 'California Dreaming', 'Rose of Cimarron (Live)', 'Heart Like A Wheel (Live)', 'Heart Like A Wheel (Live)', 'Mr Sandman (Live)', 'Icy Blue Heart (Live)', 'Linda Ronstadt (Live)', 'Linda Ronstadt & Emmylou Harris Live (Live)', 'Linda Ronstadt & Emmylou Harris Live (Live)', 'Linda Ronstadt - Live (Live)', 'Live in Hollywood', 'Hand Sown ... Home Grown', 'Live in Hollywood', 'Live Broadcast 3rd November 1976  Universal Amphitheatre', 'Legendary FM Broadcasts - Universal Amphitheatre 3rd November 1976', 'Simple Dreams (40th Anniversary Edition)', 'Simple Dreams (40th Anniversary Edition)', 'Simple Dreams (40th Anniversary Edition)', 'Budokan Hall, Tokyo, Japan, March 3rd, 1979 (Remastered, Live On Broadcasting)', 'Reunion Arena, Dallas, Tx. November 25th, 1982 (Remastered, Live On Broadcasting)', 'Record Plant, Sausalito, Ca. November 18th, 1973 (Remastered, Live On Broadcasting)', 'Universal Amphitheatre, Los Angeles, Ca. November 3rd, 1976 (Remastered, Live On Broadcasting)', 'HBO Studios, Los Angeles, August 24th, 1980  (Remastered, Live On Broadcasting)', 'Berkeley Community Theater, California, January 18th, 1974 (Remastered, Live On Broadcasting) [Bonus Track Version]', ""My Father's Place, Roslyn, New York, July 21st, 1974 (Remastered, Live On Broadcasting)"", 'Frenesi (2016 Remaster)', 'Where the Catfish Play (Live)', 'Mas Canciones (2016 Remaster)', 'Canciones de mi Padre (2016 Remaster)', ""I Fall To Pieces (Live At My Father's Place, Roslyn, Ny, 21/07/74)"", 'Walking on Air 1974', 'Transmission Impossible (Live)', 'Just One Look: Classic Linda Ronstadt (2015 Remaster)', 'Greatest Hits', 'Greatest Hits', 'Just One Look: Classic Linda Ronstadt (2015 Remaster)', 'Just One Look: Classic Linda Ronstadt (2015 Remaster)', 'Greatest Hits', 'A Party Girl in Dallas (Live)', ""Willin' in L.A. (Live)"", ""Sausalito '73 (Live)"", ""The 80's Studio Album Collection"", ""The 80's Studio Album Collection"", ""The 70's Studio Album Collection"", ""The 90's Studio Album Collection"", 'Canciones de mi Padre', 'Canciones de mi Padre', 'Canciones de mi Padre', ""The 80's Studio Album Collection""]",
Genesis,"['Genesis: LIVE IN PITTSBURGH 1976', 'The Last Domino?', 'The Colony Of Slippermen (Live)', 'Looking For Someone Vol. 1 (Live)', 'Cuckoo Cocoon (Live)', 'Silent Sorrow (Live)', 'Back In NYC (Live)', 'The Chamber Of Fantasy (Live)', 'The Lamia (Live)', 'FM Broadcast Genesis & Jethro Tull', 'The Musical Box Vol. 1 (Live)', 'Counting Out Time (Live)', 'Silent Sorrow In Empty Boats (Live)', 'FM Broadcast Genesis & Rush', 'Radio Sessions 1970 - 1972 (live)', 'Genesis FM Broadcast December 1974 vol. 1', 'Riding the Screen (Live)', 'Fly On a Windshield (Live)', 'The Chamber (Live)', 'Ravenous (Live)', 'The Lamia (Live)', 'The Return To New York (Live)', 'Radio Sessions Live 1971 (Live)', 'Radio Sessions Live 1970 (Live)', 'Greatest Hits (Live)', 'Stagnation (Live)', 'Stagnation (Live)', 'Mama (Live)', 'Looking For Someone (Live)', 'The Musical Box (Live)', 'Looking For Someone (Live)', 'Looking For Someone (Live)', 'The Musical Box (Live)', 'Musical Box (Live)', 'Musical Magic (Live)', 'The Hits of Genesis', 'Perˈspektiv', 'Radio Broadcast February 1970 (Live)', 'Radio Broadcasts 1970-71 (Live)', 'In The Beginning', 'R-Kive', 'Christian Artists Series: Genesis', ""60's Genesis"", ""Nature's Symphony: Music from Outdoors, Nature, Environment, Earth, and Life"", 'Genesis The First Songs', 'Creer', 'Genesis: 1970-1975', 'Live Over Europe, 2007', 'Live Over Europe 2007', 'Wind And Wuthering', 'Archive #1 (1967-1975)', 'Archive #2 (1976-1992)', 'Archive #2 (1976-1992)', ""Live - The Way We Walk Volume One: 'The Shorts'"", 'Platinum Collection', ""We Can't Dance"", ""We Can't Dance"", ""We Can't Dance"", 'Live', ""Live - The Way We Walk Volume One: 'The Shorts'"", 'Archives #2', ""Live - The Way We Walk Volume Two: 'The Longs'"", ""Live - The Way We Walk Volume Two: 'The Longs'"", 'The Genesis of Genesis', 'Genesis Archive #2: 1976-1992', 'Turn It on Again: The Hits (The Tour Edition)', 'Turn It on Again: The Hits', 'Turn It On Again - The Hits', 'Genesis Archive: 1967-1975', 'Calling All Stations', 'Calling All Stations', 'Calling All Stations', 'Seconds Out', 'Seconds Out', 'Seconds Out', 'The Way We Walk Vol. 2: The Longs', 'Live / The Way We Walk - Vol. II: The Longs', 'The Way We Walk, Vol. 1: The Shorts', 'Live - The Way We Walk, Volume One: The Shorts', 'Interview Picture Disc', 'Invisible Touch', 'Invisible Touch', 'Invisible Touch', 'Invisible Touch', 'Genesis', 'Genesis', 'Genesis', 'Genesis', 'Three Sides Live', 'Three Sides Live', 'Abacab (2007 Remaster)', 'Abacab', 'Duke (2007 Remaster)', 'Duke', 'Duke', 'And Then There Were Three (2007 Remaster)', 'And Then There Were Three', 'Wind & Wuthering', 'Wind & Wuthering', 'A Trick of the Tail (2007 Remaster)', 'A Trick of the Tail', 'A Trick Of The Tail', 'Trick Of The Tail', 'The Lamb Lies Down On Broadway (Remastered 2008)', 'The Lamb Lies Down On Broadway', 'The Lamb Lies Down on Broadway (2007 Stereo Mix)', 'The Lamb Lies Down On Broadway', 'Selling England by the Pound', 'Selling England by the Pound', 'Selling England By The Pound', 'Live', 'Foxtrot', 'Foxtrot', 'Génesis a Dios', 'Nursery Cryme', 'Nursery Cryme', 'Nursery Cryme', 'Trespass', 'Trespass', 'Trespass', 'Trespass', 'From Genesis To Revelation', 'From Genesis to Revelation', 'Los Violines de Pego', 'And the Word Was', 'Where the Sour Turns to Sweet', 'The Platinum Collection']",
Daryl Hall & John Oates,"['Waking Up To Fantasy', 'Hall & Oates Live In Philadelphia', 'Masterpieces: Early Years', 'Masterpieces', 'River Blues (Live)', 'The Method Of Love (Live)', 'The United State (Live)', 'Fall In Philadelphia (Live)', 'Return to Paradise', 'Fall in Philadelphia: The Definitive Demos 1968-71', 'Perkiomen (Live)', 'Live in Pittsburgh 1978', 'Live in Chicago (Live)', 'Live in the USA (Live)', 'Back Together Again (Live)', 'Hot Fun in The Summertime (Live)', ""You've Lost That Loving Feeling (Live)"", 'Maneater (Live)', 'Legends Live in Concert (Live in Denver, 1980)', 'Live in Philadelphia (Live)', 'Feed The Flame', 'The Complete Atlantic Albums', 'In Honor Of A Lady (Live)', 'In Honor Of A Lady (Live)', 'Past Times (Live)', 'Hall and Oates Live in Philadelphia (Live)', 'Back In Love Again (Live)', 'Philadelphia (Live)', 'Philadelphia (Live)', 'H2O', 'Single Mixes', 'Extended Mixes', '12inch Collection (Deluxe Edition)', 'Beauty On a Back Street', 'Live In The Studio - Ultrasonic Studios Hempstead NY 1973', 'Alive in America', 'First Sessions', 'Park West, Chicago, Illinois, November 1978 (Hd Remastered Edition)', 'Park West, Chicago, 27 February 1983 (Hd Remastered Edition)', 'Orpheum Theater, Boston, November 19, 1981 (Hd Remastered Edition)', 'The Forum, Los Angeles, December 17, 1984 (Hd Remastered Edition)', 'Past Times Behind', 'Los Angeles 1979', 'Boston 1980', 'Live Broadcast 17th December 1984  The Forum', 'Legendary FM Broadcasts - The Forum, Inglewood CA 17th December 1984', 'Hall and Oates', 'Greatest Hits - Live (Park West, Chicago IL 27 Feb ‘83)', 'Live at the Troubadour (Unplugged)', 'Daryl Hall & John Oates - Live in Dublin, Vol. 1', 'XXThe Philadelphia Years', 'Playlist: The Best of the Atlantic Years', 'Playlist: The Best of the Atlantic Years', 'Park West, Chicago, 27th February, 1983 (Doxy Collection, Remastered, Live on Fm Broadcasting)', 'Orpheum Theater, Boston, August 19th, 1980 (Doxy Collection, Remastered, Live on Fm Broadcasting)', 'The Forum, Los Angeles, Ca. December 17th, 1984 (Doxy Collection, Remastered, Live on Fm Broadcasting)', 'The Roxy Theater, Los Angeles, November 4th, 1979 (Doxy Collection, Remastered, Live on Fm Broadcasting)', 'Park West, Chicago, November 22th, 1978 (Doxy Collection, Remastered, Live on Fm Broadcasting)', 'Orpheum Theater, Boston, November 19th, 1981 (Doxy Collection, Remastered, Live on Fm Broadcasting)', 'Legends Live In Concert Vol. 1', 'XXLive In Dublin', 'Live In Dublin', 'Obscure Tracks', 'Hall & Oates', 'Radio Tonight: Daryl Hall & John Oates (Live)', 'Hall & Oates Greatest Hits', 'The Ultimate Collection', 'Over the Mountain', ""Rock n'  Roll Masters: Hall & Oates"", 'The Philadelphia Years', 'Drying in the Sun', ""Hall And Oates I'm really Smokin"", ""Really Smokin'"", ""I'm Really Smokin"", 'Live At the Troubadour (Unplugged)', 'H2O (Alben für die Ewigkeit)', 'The Essential Hall & Oates', 'Original Album Classics', 'Rock and Soul', 'Daryl & John', 'Gold Collection', 'Daryl Hall & John Oats - 20 Classic Tracks', 'The Provider', 'Cool Sounds of Hall & Oates', 'Hall & Oates Sing the Hits: Yacht Rock Edition', 'Hall & Oates Early Years', 'The Essential Daryl Hall & John Oates', 'Philadelphia', 'The Singles', 'Some Rare H&O - [The Dave Cash Collection]', 'Backtracks', 'Alive In America', 'Deep River Blues', 'Deep River Blues', 'Timeless Pop: Hall & Oates', 'Hall & Oates - Live at the Troubadour', 'Fall In Philadelphia', 'Past Times', 'The Sound Of Hall & Oates', ""A Lot of Changes Comin'"", ""A Lot Of Changes Comin'"", ""A Lot Of Changes Comin'"", 'The Original Hits Of Daryl Hall & John Oates', 'Fan-Tastic Hall & Oates', 'Angelina & Other Favorites (Digitally Remastered)', 'Live At The Troubadour', 'Live At The Troubadour', 'Live at The Troubadour', 'Do What You Want, Be What You Are: The Music Of Daryl Hall & John Oates', 'Do What You Want, Be What You Are: The Music of Daryl Hall & John Oates', 'Private Eyes: The Best Of Hall & Oates', 'AM Radio Gold: Hall & Oates (Remastered)', 'AM Radio Gold: Hall & Oates (Remastered)', ""I'm Really Smokin'"", 'Arista Heritage Series: Daryl Hall & John Oates', 'Original Album Classics', 'Playlist: The Very Best Of Daryl Hall & John Oates', 'Playlist: The Very Best Of Daryl Hall & John Oates', 'Early Soft Rock Masters', 'The Very Best Of', 'Discover All Bundles', 'Obscure Tracks', 'Rhino Hi-Five: Hall & Oates', 'Really Smokin’', 'Collections', 'Home For Christmas', 'Home for Christmas', 'Home for Christmas', ""Collector's Edition, Vol. 1"", 'Hall & Oates', 'South Philly', 'Choice Rock Cuts', 'The Essential Daryl Hall & John Oates', 'The Essential Daryl Hall & John Oates', 'Our Kind Of Soul', 'Rock Masters', 'Our Kind of Soul', 'Our Kind of Soul', 'The Artist Collection - Hall & Oates', 'The Artist Collection - Hall & Oates', 'Live In Concert', 'Ultimate Daryl Hall & John Oates', 'Ultimate Daryl Hall & John Oates', 'Ultimate Daryl Hall & John Oates', 'The Best of Return of the DJ', 'Love Songs', ""If That's What Makes You Happy"", ""If That's What Makes You Happy"", 'Do It For Love', 'Do It for Love', 'Do It for Love', 'Past Times Behind', 'VH1 Music First: Behind The Music - The Daryl Hall & John Oates Collection', 'VH1 Music First: Behind The Music - The Daryl Hall & John Oates Collection', 'VH1 Music First: Behind The Music - The Daryl Hall & John Oates Collection', 'VH1 Music First: Behind The Music - The Daryl Hall & John Oates Collection', 'The Very Best of Daryl Hall / John Oates', 'Amor en los Setentas', 'Greatest Hits Live', 'Greatest Hits Live', 'Ecstasy on the Edge', 'Collection', 'Collection', 'The Essential Collection', 'The Essential Collection', 'The Ballads Collection', 'Back In Love Again', 'Back In Love Again', 'The Very Best Of', 'The Very Best of Daryl Hall / John Oates', 'The Very Best Of', 'Past Times Behind [Legacy]', 'Reflections of Germany', 'West Side Story [Original London Cast]', 'Pure Classics', 'The Arista Heritage Series', 'Hall & Oates', 'Backtracks', 'Hall & Oates', 'Hall & Oates', 'Looking Back', 'Back to Back', ""She's Gone"", 'Trios Inolvidables, Vol. 2', 'Marigold Sky', 'Bailexitos, Vol. 2 [RCA]', 'Best Party Dances of All Times', 'Marigold Sky', 'The Atlantic Collection', 'The Atlantic Collection', 'The Atlantic Collection', ""Greatest Hits--Rock 'n' Soul, Part 1"", ""Greatest Hits - Rock'n Soul Part 1"", 'The Best of Daryl Hall & John Oates', 'Soulful Sounds', 'Change Of Season', 'Change Of Season', 'Ooh Yeah!', '20 Classic Tracks', 'Live at the Apollo']",
Savage Garden,"['Savage Garden - The Singles', 'Savage Garden - The Singles', 'Savage Garden - The Singles', 'Truly Madly Completely - The Best of Savage Garden', 'Truly Madly Completely - The Best of Savage Garden', 'Truly Madly Completely - The Best of Savage Garden', 'Truly, Madly Completely - The Best Of Savage Garden', 'Truly Madly Completely - The Best of Savage Garden', 'Savage Garden (Remix album - The Future Of Earthly Delites)', 'Affirmation', 'Affirmation', 'Affirmation', 'Savage Garden', 'Savage Garden', 'Savage Garden']",
Bruce Hornsby,"[""'Flicted"", ""'Flicted"", 'Window Display', 'Non-Secure Connection', 'Non-Secure Connection', 'Legendary FM Broadcasts - The Bottom Line Manhattan NYC 2nd September 1986', 'Southern Comfort', 'Absolute Zero', 'Absolute Zero', 'Rehab Reunion', 'XXRehab Reunion', 'Rehab Reunion', 'Rehab Reunion', 'Night On the Town', 'Live: The Way It Is Tour 1986-87', 'Live: The Way It Is Tour 1986-87', 'Rehab Reunion', 'Orlando, August 27th, 1988 (Remastered, Live On Broadcasting)', 'The Bottom Line, New York, September 2nd, 1986 (Remastered, Live On Broadcasting)', 'The Ritz, New York, February 2nd, 1987 (Remastered, Live On Broadcasting)', 'Greatest Radio Hits', 'The Essential Bruce Hornsby', 'Solo Concerts', 'Solo Concerts', 'Red Hook Summer (Original Score)', 'Red Hook Summer: Music From The Original Motion Picture', 'Red Hook Summer: Music From The Original Motion Picture', 'Bride Of The Noisemakers', 'Bride Of The Noisemakers', 'Bride Of The Noisemakers', 'Bride Of The Noisemakers', 'Night On The Town', 'Bride Of The Noisemakers (Amazon Bonus Version)', 'Playlist: The Very Best Of Bruce Hornsby', 'The Village', 'Levitate', 'Levitate', 'Prairie Dog Town', 'Prairie Dog Town', 'Camp Meeting', 'Ricky Skaggs & Bruce Hornsby', 'Intersections 1985-2005', 'Intersections 1985-2005', ""Marian McPartland's Piano Jazz Radio Broadcast With Bruce Hornsby"", 'Halcyon Days', 'Halcyon Days (Expanded Edition)', 'Halcyon Days', 'Greatest Radio Hits', 'Greatest Radio Hits', 'Big Swing Face', 'Big Swing Face', 'Big Swing Face', 'Big Swing Face', 'Piston Works', 'Here Come the Noise Makers', 'Here Come the Noise Makers', 'Spirit Trail', 'Hot House', 'Hot House', 'Night On The Town', 'Harbor Lights', 'Harbor Lights', 'A Night On The Town', 'Night On The Town', 'Scenes From The Southside', 'Scenes From The Southside', 'Scenes From The Southside', 'Scenes From The Southside', 'Scenes From The Southside', 'The Way It Is', 'The Way It Is', 'The Way It Is', 'The Way It Is', 'The Way It Is', 'The Way It Is']",
Santana,"['Carlos Santana: Tanglewood 1970 (Live)', 'Den-En Coliseum, Tokyo 1981 (Live)', 'Ten songs for you', 'All I Ever Want', 'Live in San Francisco 1975 Part One (Live)', 'FM Broadcasts Santana & Lindsey Buckingham', 'Warszawa', 'Woodstock Saturday August 16, 1969 (Live)', 'Xote Pé de Serra ao Vivo', 'Xote Pé de Serra', 'Africa Speaks', 'Africa Speaks', 'Africa Speaks', 'This Is My Guitar', 'Santana Live', 'Cow Palace San Francisco, 31st December 1975 (Live Radio Broadcast)', 'Power Of Peace', 'Diamonds Are Forever', 'Lotus (Live)', 'Santana the Collection', 'Highlights of Santana', 'Transmission Impossible (Live)', 'Independence Day 1981 (Live)', 'The Bottom Line, New York, October 16th, 1978 (Remastered, Live On Broadcasting)', 'Avalon Ballroom, San Francisco, May 13th, 1968 (Remastered, Live On Broadcasting)', 'Berkeley Community Theatre, California, September 5th, 1973 (Remastered, Live On Broadcasting)', 'Bill Graham Memorial 1991 (Live)', 'Bill Graham Memorial, San Francisco, November 3rd, 1991 (Remastered, Live On Broadcasting)', 'Santana IV', 'Santana IV', 'Santana IV', 'Santana (Studio Rerecord)', 'Berkeley Community Center 1970 (Live)', 'Jingo', 'Live At Rynearson Stadium, ""King Biscuit Flower Hour"" FM Broadcast, Ypsilanti MI, 25th May 1975 (Remastered)', 'Live in Cape Cod, 1981 - FM Radio Broadcast', 'The Bottom Line, New York, October 16th, 1978 (Doxy Collection, Remastered, Live on Fm Broadcasting)', 'Tales Of Kilimanjaro (Live In Shelton, Connecticut, August 3, 1980)', 'Live At Montreux 2011: Invitation To Illumination', 'Live at Montreux 2011 (Invitation to Illumination)', 'Palladium Weekend (Remastered) (Live At The Palladium, NY, 9Th & 10Th Feb 1978)', 'Berkeley Community Theater, California, February 6th, 1970 (Doxy Collection, Remastered, Live on Kpfa Fm Broadcasting)', 'The Album', 'Grandes del Rock & Roll', 'Santana Live 1969', '13 Grandes Exitos De Carlos Santana', 'Santana (Studio Rerecord & Live)', '1968 Demos', 'Live at Fillmore 1968', 'The Golden Child (Live)', 'Greatest Hits', 'Live at the Rynearson Stadium, Ypsilanti MI 25th May 1975', 'Corazón - Live From Mexico: Live It To Believe It', ""Rock n'  Roll Masters: Santana"", 'FM Broadcast: Santana Live', ""Santana's Greatest Hits"", 'Amigos', ""Santana's Greatest Hits"", 'Santana Radio LIve (Live)', 'Santana Radio LIve (Live)', 'Live to Air', 'Corazón', 'Corazón', 'Corazón (Deluxe Version)', 'Corazón (Deluxe Version)', 'Corazón', 'Corazón (Deluxe Version)', 'Santana Is Live! (Live 2000)', 'Santana Live! (Live)', 'The Columbia Studio Albums Collection (Bonus Tracks)', 'Dance Of The Rainbow Serpent', 'Santana (III)', 'Santana (III)', 'Jamming with Carlos Santana', 'Live at the Bottom Line 1978', 'The Brilliant Santana', 'Introducing....Santana', 'Introducing Santana', 'Santana Live On Air (Live)', 'The Essential Santana', 'La sélection', 'Superstar Files (20 Legendary Recordings)', 'Evil Ways', 'The Very Best of Santana', '[RE]discover Santana', 'The Santana Collection', 'GREATEST HITS', 'Best in Live: Santana', 'The Greatest Hits', 'Deluxe: Jingo', 'Shape Shifter', 'Shape Shifter', 'Shape Shifter', 'I Love Santana', 'Gold - The Classics: Santana', 'Grandes Éxitos', 'The Hits', ""The Anthology '68-'69 - The Early San Francisco Years"", 'Album Selection - Santana/Abraxas', 'Legends (Deluxe Edition)', 'Greatest Hits', 'Classics', ""Travelin' Blues"", 'With a Little Help from My Friends', 'Jingo (Live)', 'Santana, Leyenda de una Guitarra. 13 Temas', 'Latin Roots', 'Performance', 'Latin Fire', '""Make Mine A Double"" - Two Great Albums For The Price Of One', 'Evolution: The Original Recordings Vol. 1', 'Evolution: The Original Recordings Vol. 2', ""Chillin' With Santana"", 'Portrait Of An Artist', 'Supernatural/Shaman', 'All Time Best - Reclam Musik Edition 5', 'Timeless Rock: Santana, Vol. 2', 'Timeless Rock: Santana, Vol. 1', 'Guitar Heaven: The Greatest Guitar Classics Of All Time (Deluxe Version)', 'Guitar Heaven: The Greatest Guitar Classics Of All Time', 'Guitar Heaven: The Greatest Guitar Classics Of All Time', 'Guitar Heaven: The Greatest Guitar Classics Of All Time', 'Top 10 Trax', 'The Best Of Santana Volume 2', 'Six Play: Santana - EP', 'Essential', 'As The Years Go By', '25 Greatest Masters', 'Santana: Legends', 'Santana', 'Mi Collection - Volume 1', 'Mi Collection - Volume 2', 'Legends', 'Soul Sacrifice - 4 Track EP', 'Carnaval: The Best Of Santana', 'Collection', 'Santana/Abraxas', '20 Essential Recordings', 'S.F.Mission District', 'Mother Earth', 'Santana: The Woodstock Experience', 'Jingo', 'Jam Session', 'Multi-Dimensional Warrior', 'Jingo: The Santana Collection', 'Latin Tropical - 25 Essentials', 'Steel Box Collection - Greatest Hits', 'Original Album Classics', 'Original Album Classics', 'Original Album Classics', 'Original Album Classics', 'Oneness- Silver Dreams Golden Reality', 'Forró – A Arte Do Abraço', 'The Ultimate Collection', 'The Ultimate Collection', 'Santana Jam', 'The Essential Santana', 'Ultimate Santana', 'Ultimate Santana', 'Ultimate Santana', 'Ultimate Santana', 'Ultimate Santana', 'The Full Discover Package', 'Nuclei - Volume 1', 'Persuasion', ""Pickin' On Santana"", 'Nuclei', 'Latin Tropical', 'Latin Tropical', 'Latin Tropical', 'Hot Tamales', 'Hot Tamales', 'Colour Collection', 'Colour Collection', 'The Anthology', 'The Birth Of Santana - The Complete Early Years', 'A Wakening CD2', 'Soul Sacrifice CD1', 'Soul Sacrifice CD2', 'A Wakening CD1', 'Jimi Hendrix & Carlos Santana', 'Golden Legends: Santana - Live', 'All That I Am... Live From New York', 'All That I Am', 'All That I Am', 'All That I Am', 'Santana/Abraxas/Santana(III) (3 Pak) (Costco Longbox Version)', 'Santana: The San Mateo Sessions 1969', 'Love Songs', 'Love Songs', 'The Essential Santana', 'The Collection', 'Oye Como Va', 'Oye Como Va', 'Forró Pé De Serra - 10 Anos De Carreira', 'Welcome', 'Moonflower', 'Love Devotion Surrender', 'Moonflower', 'MoonFlower']",
Simply Red,"['Remixed Vol. 1 (1985 – 2000)', 'Blue Eyed Soul', 'Blue Eyed Soul', 'Blue Eyed Soul', 'Symphonica in Rosso (Live at Ziggo Dome, Amsterdam)', 'Symphonica in Rosso (Live at Ziggo Dome, Amsterdam)', 'Stay: Live at the Royal Albert Hall', 'Ballads', 'Novelas & Baladas', 'Big Love Greatest Hits Edition 30th Anniversary', 'Big Love', 'Big Love', 'Big Love', 'Cuba! (Recorded Live at El Gran Teatro, Havana)', 'Stay (Remastered & Expanded) [Audio Version]', 'Home (Live in Sicily)', 'Simplified (Remastered & Expanded) (audio Version)', 'Home (Remastered & Expanded) [Audio Version]', 'Simply Red 2003-2007 the Collection', 'Song Book 1985-2010', 'The Greatest Hits', 'The Greatest Hits', 'The Greatest Hits', 'Farewell: Live in Concert at Sydney Opera House', 'Farewell - Live at Sydney Opera House', 'Farewell - Live at Sydney Opera House', 'Farewell - Live at Sydney Opera House', 'Songs Of Love', 'Songs Of Love', 'Songs Of Love', 'Songs Of Love', 'Songs Of Love', 'Songs of Love', ""Money's Too Tight (To Mention) Remixes 2009"", 'Simply Red 25', 'Go Now - Mixes', 'Simply Red 25 - The Greatest Hits', 'Go Now', 'Go Now', 'Go Now', 'The Greatest Hits 25', 'The Greatest Hits 25', 'The Greatest Hits 25', 'The Greatest Hits 25', 'Love and the Russian Winter (Expanded Version)', 'Blue (Expanded Version)', 'Life (Expanded Version)', 'Stars (Expanded Version)', 'A New Flame (Expanded Version)', 'Men and Women (Expanded Version)', 'Stars [Standard]', 'Stars [Standard] (US DMD)', 'Love And The Russian Winter', 'Picture Book (Collectors Edition)', 'A New Flame (Collectors Edition)', ""Stars (Collector's Edition)"", 'Stars Collectors Edition', 'Stay', 'Stay', 'Stay', 'Stay', 'Stay', 'Stay', 'Stay', 'Stay', 'Stay', 'XXStay', 'Stay', 'Stay', 'Something Got Me Started: Steve Mac Mixes', 'Simplified', 'Simplified', 'Simplified', 'Simplified', 'Simplified', 'Simplified', 'Simplified', 'Perfect Love', 'Perfect Love', 'Perfect Love Remixes', 'Home Mixes Vol 2', ""It's Only Love"", 'Home Mixes - (Vinyl)', 'Love and the Russian Winter', 'Life', 'Home', 'Home', 'Home', 'The Essentials', ""It's Only Love"", 'Love & The Russian Winter', 'Blue', 'Blue', 'Blue', 'Greatest Hits', 'Greatest Hits', 'Life', 'Stars', 'A New Flame', 'A New Flame', 'A New Flame', 'Men and Women', 'Men and Women', 'Men And Women', 'Men And Women', 'Blue', 'Life', 'Love And The Russian Winter', 'Love and the Russian Winter', 'Blue', 'Life', 'Picture Book (Expanded Version)', 'Picture Book (Expanded Version)', 'Picture Book', 'Picture Book', 'Picture Book', 'Picture Book', 'Picture Book', 'Frantic [Original Soundtrack]']",
Donny Hathaway,"['Ten Songs for you', 'Live At The Bitter End 1971', 'A Song For You', 'Original Album Series', 'Original Album Series', 'Never My Love:  The Anthology', 'Never My Love:  The Anthology', ""Someday We'll All Be Free"", ""Someday We'll All Be Free"", ""Someday We'll All Be Free"", 'Come Back Charleston Blue Original Soundtrack', 'Come Back Charleston Blue Original Soundtrack', 'Come Back Charleston Blue Original Soundtrack (Remastered & Expanded)', 'Rhino Hi-Five: Donny Hathaway', 'Rhino Hi-Five: Donny Hathaway', 'These Songs for You, Live!', 'These Songs for You, Live!', 'A Donny Hathaway Collection', 'A Donny Hathaway Collection', 'A Donny Hathaway Collection', 'Everything is Everything', 'Everything Is Everything', 'Extension Of A Man', 'Extension of a Man', 'Extension Of A Man', 'Extension of a Man', 'A Donny Hathaway Collection', 'Roberta Flack Featuring Donny Hathaway', 'In Performance', 'In Performance', 'In Performance', 'In Performance', 'In Performance', 'In Performance', 'The Best of Donny Hathaway', 'The Best of Donny Hathaway', 'The Best of Donny Hathaway', 'Roberta Flack & Donny Hathaway', 'Roberta Flack & Donny Hathaway', 'Live', 'Come Back Charleston Blue', 'Live', 'Live', 'Live', 'Donny Hathaway', 'Donny Hathaway', 'Everything Is Everything', 'Everything Is Everything (Mono)', 'Everything Is Everything']",
David Guetta,"['One Love', '7', '7', '7', '7', '7', 'Flames (Remixes)', 'Flames (Remixes)', 'Bang My Head (feat. Sia) (Remixes EP)', 'Listen Again', 'Listen Again', 'Listen Again', 'Listen Again', 'Listen (Deluxe)', 'Listen', 'Listen', 'Listen', 'Listen', 'Listen', 'The World Is Mine', 'Tomorrow Can Wait', ""F*** Me, I'm Famous 2013"", ""F*** Me, I'm Famous 2013"", ""F*** Me, I'm Famous 2013"", 'Nothing but the Beat Ultimate', 'Nothing but the Beat (Ultimate Edition)', 'Cathy & David Guetta Present FMIF ! Ibiza Mix 2012', 'Nothing but the Beat 2.0', 'Nothing But the Beat 2.0', ""F*** Me, I'm Famous 2012"", 'Nothing but the Beat - The Electronic Album', ""F*** Me I'm Famous 2011"", 'Nothing But The Beat', 'Nothing but the Beat', 'Nothing But The Beat', 'Nothing But The Beat', 'Nothing but the Beat', 'Nothing But The Beat', 'Nothing but the Beat Ultimate', 'Nothing but the Beat Ultimate', 'One More Love', 'One More Love', 'One More Love', 'One More Love', ""Who's That Chick? (Remixes) [feat. Rihanna]"", 'One More Love (Deluxe)', 'One More Love', 'One More Love', 'One More Love', 'One Love (Deluxe)', 'One Love [2010 Edition]', 'One Love  [2010 Edition]', 'Cathy & David Guetta Present FMIF ! Ibiza Mix 2010', ""F*** me, I'm famous Ibiza Mix 2010"", ""F*** me, I'm famous Ibiza Mix 2010"", ""F*** me, I'm famous Ibiza Mix 2010"", 'One Love (Deluxe Edition Feat. Continuous Party Mix)', 'One Love (New Version)', 'One Love (New Version)', 'One Love (Deluxe New Version)', 'One Love', 'One Love (Club Version)', 'Sexy Chick (feat. Akon)', 'One Love', 'One Love', 'One Love', 'One Love (Remixes) [feat. Estelle]', 'One Love (Club Version)', 'Sexy Bitch', 'Pop Life', 'Pop Life', 'Pop Life', 'Pop life', 'Pop Life (Mixed by David Guetta)', 'Pop Life', 'Pop Life', 'Pop Life (Mixed by David Guetta)', 'Pop Life', 'Pop Life', 'Pop Life', 'Pop Life (Bonus Track)', ""Love Don't Let Me Go (Walking Away)"", 'Stay', 'Stay', 'Guetta Blaster', 'Guetta Blaster (version Export)', 'Guetta Blaster', 'Guetta Blaster', 'Guetta Blaster', 'Guetta Blaster', 'Just A Little More Love', 'Just a Little More Love', 'Just A Little More Love', 'Just A Little More Love', 'Just a Little More Love', 'Just a Little More Love', 'Just a Little More Love']",
