Genero,Subgenero,
Pop,Adult Contemporary,
Pop,Dance Pop,
Pop,Teen Beat,
Rock,Roots,
Rock,Lite Rock,
Rock,Modern Folk,
Rock,Classic Rock,
Rock,Art & Progressive Rock,
Rock,Blues & Boogie Rock,
Rock,Glam,
Rock,Hard Rock,
Rock,Instrumental Rock,
Rock,Jam Rock,
Rock,Funk Rock,
Rock,Folk-Rock,
Rock,Adult Alternative,
Rock,Singer-Songwriter,
Alternative,Ska Revival,
Alternative,Alt Dance,
Alternative,Brit Pop/Brit Rock,
Alternative,Retro/Vintage,
Alternative,Experimental,
Alternative,Goth,
Alternative,Indie/Alternative,
Alternative,Punk-Funk,
Alternative,Industrial,
Alternative,New Wave,
Alternative,Punk,
Alternative,Post-Punk,
Alternative,Grunge,
Alternative,Power Pop,
Alternative,Emo/Hardcore,
Alternative,Rockabilly,
Alternative,Garage Rock,
Rap/Hip-Hop,Producers Corner,
Rap/Hip-Hop,Old School Rap/Hip-Hop,
Rap/Hip-Hop,Indie Rap/Hip-Hop,
Rap/Hip-Hop,Lyrical,
Rap/Hip-Hop,Hip-Hop Hitmakers,
Rap/Hip-Hop,East Coast Rap/Hip-Hop,
Rap/Hip-Hop,International Hip-Hop,
Rap/Hip-Hop,Southern Rap/Hip-Hop,
Rap/Hip-Hop,West Coast Rap/Hip-Hop,
Rap/Hip-Hop,Midwestern Rap/Hip-Hop,
Rap/Hip-Hop,Novelty Rap/Hip-Hop,
Soul/R&B,Funk,
Soul/R&B,Soul,
Soul/R&B,Rhythm & Blues,
Soul/R&B,Motown,
Soul/R&B,Disco,
Soul/R&B,Contemporary R&B,
Country,Alt Country,
Country,Country Humor,
Country,Western Swing,
Country,Instrumental Country,
Country,Country Gospel,
Country,Country Pop/Cosmopolitan,
Country,Traditional Country,
Country,Country-Folk/Bluegrass,
Country,Texas Country,
Country,Honky-Tonk,
Country,Country Rock,
Country,Nashville Sound,
Country,Outlaw Country,
Country,Truckin' Songs,
Jazz,Cool/West Coast Jazz,
Jazz,Vocal Jazz,
Jazz,Latin & World Jazz,
Jazz,Soul Jazz,
Jazz,Avant Garde Jazz,
Jazz,Blues Jazz,
Jazz,Jazz Piano,
Jazz,Bop,
Jazz,Big Band,
Jazz,Swing,
Jazz,Jazz-Funk,
Jazz,Fusion,
Jazz,Pop-Jazz,
Jazz,Acid Jazz,
Jazz,New Orleans & Early Jazz,
Electronic,Classical Electronic,
Electronic,Downtempo,
Electronic,House,
Electronic,Techno,
Electronic,Trance,
Electronic,Ambient,
Electronic,Beats & Breaks,
Electronic,Hardcore Electronic,
Electronic,Jungle/Drum 'n' Bass,
Electronic,Leftfield,
Electronic,Dubstep,
Latin,Brazilian,
Latin,Cuban,
Latin,Latin Pop,
Latin,Latin Rap/Hip-Hop,
Latin,Cumbia,
Latin,Mariachi,
Latin,Tango,
Latin,Latin Rock,
Latin,Merengue,
Latin,Salsa,
Latin,Tex Mex,
Latin,Bachata,
Latin,Banda,
Latin,Norteno,
Latin,Cantautor,
Latin,Ranchera,
Latin,Reggaeton,
World,World Pop,
World,Caribbean,
World,Europe,
World,Africa,
World,Asia,
World,South Asia,
World,Australia/South Pacific,
World,Celtic,
World,Middle East,
World,North America,
Reggae,DJ Toasting,
Reggae,Dancehall,
Reggae,Pop-Reggae,
Reggae,Roots Reggae,
Reggae,Ska,
Reggae,Lovers Rock,
Reggae,Ragga,
Reggae,Rock Steady,
Reggae,Dub,
Classical,Baroque,
Classical,Classical Period,
Classical,20th/21st Century,
Classical,Crossover Classical,
Classical,Performer,
Classical,Early,
Classical,Romantic,
Classical,Opera,
Oldies,British Invasion,
Oldies,Teen Idols,
Oldies,'50s Rock 'n' Roll,
Oldies,'60s Oldies,
Oldies,Garage Rock Pioneers,
Oldies,Psychedelic,
Oldies,Bubblegum,
New Age,Solo Instrumental,
New Age,New Age Electronic,
New Age,Spiritual,
New Age,Contemporary Instrumental,
New Age,Space,
New Age,New Age Acoustic,
New Age,Techno Tribal,
New Age,Ethnic Fusion,
New Age,Atmospheres,
New Age,Nature,
New Age,Self-Help,
New Age,New Classical,
Christian/Gospel,Praise and Worship,
Christian/Gospel,Gospel,
Christian/Gospel,Christian Rap/Hip-Hop,
Christian/Gospel,CCM,
Christian/Gospel,Christian R&B,
Christian/Gospel,Christian Rock,
Christian/Gospel,Alternative Christian Contemporary,
Christian/Gospel,Christian Metal,
Christian/Gospel,Performance Tracks,
Blues,Folk-Blues,
Blues,Jazz Blues,
Blues,Harmonica Blues,
Blues,Jump Blues,
Blues,Country Blues,
Blues,Memphis Blues,
Blues,New Orleans Blues,
Blues,New York Blues,
Blues,Piano Blues,
Blues,Soul Blues,
Blues,Swamp Blues,
Blues,Delta Blues,
Blues,Early American Blues,
Blues,Texas Blues,
Blues,Urban Blues,
Blues,Vaudeville Blues,
Blues,Electric Blues,
Blues,Modern Blues,
Blues,Acoustic Blues,
Blues,Chicago Blues,
Blues,Classic Female Blues,
Folk,Celtic Folk,
Folk,Field Recordings,
Folk,Folk Revival,
Folk,Political Folk & Protest Songs,
Folk,New Folk,
Folk,Scottish Folk,
Folk,Traditional Folk,
Folk,Medieval,
Folk,Renaissance,
Folk,String Bands,
Folk,Americana,
Folk,Square Dancing,
Folk,Old-Time Revival,
Folk,Urban Folk,
Folk,Folk Pop,
Folk,British Folk,
Vocal/Easy Listening,Vocal,
Vocal/Easy Listening,Easy Pop,
Vocal/Easy Listening,Instrumental Pop,
Vocal/Easy Listening,Vintage Lounge,
Vocal/Easy Listening,Cocktail/Lounge,
Soundtracks,Soundtracks,
Soundtracks,Musicals,
Soundtracks,Film Scores,
Children,Children's Religious,
Children,Lullabies,
Children,Rhymes/Fairy Tales,
Children,Folk/Sing-Along,
Children,Children's TV/Movies,
Children,Read-Along Stories,
Comedy/Spoken Word,Comedy,
Comedy/Spoken Word,Novelty,
Comedy/Spoken Word,Spoken Word,
Metal,Progressive Metal,
Metal,Thrash/Speed Metal,
Metal,New Wave of British Heavy Metal,
Metal,Black Metal,
Metal,Death Metal,
Metal,Funk Metal,
Metal,Rapcore,
Metal,Pop Metal,
Metal,Doom Metal,
Metal,Grindcore,
Metal,Stoner Rock,
Metal,Alt Metal,
Metal,Industrial Metal,
